,Label,Title,langs
4,Incoming,welcome datasets maintained kaggle,en
10,Incoming,deadline extended photo collection project es,en
17,Incoming,barcelona python meetup list job offer software engineer kochava,en
19,Incoming,barcelona python meetup list job offer software developer irb barcelona,en
24,Incoming,syllabus request,en
29,Incoming,fwd masterclass,en
30,Incoming,masterclass,en
31,Incoming,selenium webscraping tuesday may 21,en
42,Incoming,applied job post,en
47,Incoming,databricks security advisory processor speculative execution sidechannel update,en
48,Incoming,refund punto fa sl mango com,en
50,Incoming,city exclusives start sample,en
57,Incoming,fwd accenture healthcare hackathon,en
65,Incoming,recommended deployment machine learning models,en
67,Incoming,fabia @fabia100 invited join team project 3 trello,en
70,Incoming,auto warm & briefing recording,en
73,Incoming,auto warm & briefing recording,en
74,Incoming,auto warm & briefing recording,en
76,Incoming,auto warm & briefing recording,en
77,Incoming,auto warm & briefing recording,en
78,Incoming,auto warm & briefing recording,en
80,Incoming,auto warm & briefing recording,en
83,Incoming,auto warm & briefing recording,en
88,Incoming,wallapop new job matches preferences,en
93,Incoming,competition launch siimacr pneumothorax segmentation,en
97,Incoming,[request received] iberiaplustore missing transaction claim,en
101,Incoming,divendres iso q mated fem iso q valle8s,en
104,Incoming,ds job offer,en
108,Incoming,refund punto fa sl mango com,en
115,Incoming,travelperk new job matches preferences,en
117,Incoming,new coding project google,en
119,Incoming,new coding project google,en
120,Incoming,new coding project google,en
123,Incoming,international council clean transportation hiring germany apply,en
125,Incoming,thanks applying stuart,en
126,Incoming,thank applying red points,en
128,Incoming,applied job post tts script review,en
130,Incoming,thank interest red points,en
143,Incoming,march pybcn practice sessions selenium webscraping workshop saturday march 16,en
147,Incoming,stuart need know,en
154,Incoming,barcelona python meetup list logo brand image contest python barcelona association deadline extension,en
158,Incoming,new photo uploaded data processing analysis automation oil pipeline inspection,en
159,Incoming,new photo uploaded data processing analysis automation oil pipeline inspection,en
160,Incoming,new photo uploaded data processing analysis automation oil pipeline inspection,en
161,Incoming,new photo uploaded data processing analysis automation oil pipeline inspection,en
162,Incoming,grifols new job matches preferences,en
164,Incoming,gartner hiring barcelona apply,en
165,Incoming,wallapop new job matches preferences,en
166,Incoming,q orange sanguine celebrates 10th anniversary,en
167,Incoming,228 avios way,en
169,Incoming,picture collection | payday coming,en
180,Incoming,photo id rejected,en
183,Incoming,applied business analyst stuart,en
194,Incoming,got money,en
199,Incoming,blu selection hiring barcelona apply,en
200,Incoming,level learning,en
201,Incoming,job raona still available apply soon,en
203,Incoming,q introduccic3b3n prc3a1ctica apach q e spark wednesday august 7,en
208,Incoming,environment jobs alert,en
210,Incoming,position closed,en
212,Incoming,welcome trello,en
213,Incoming,barcelona python meetup list pybcn association membership registration open,en
218,Incoming,chao ting applied ironhack get ready change life,en
219,Incoming,fyi fao vacancy irc5416 selection process finalized,en
220,Incoming,update requirements photo collection project,en
222,Incoming,competition launch aptos 2019 blindness detection [kernelsonly],en
223,Incoming,pactera tts script score project several languages,en
224,Incoming,self evaluation module 1,en
227,Incoming,welcome oneforma,en
230,Incoming,contacte aparcaments b sm,en
236,Incoming,468 avios way,en
238,Incoming,wallapop new job matches preferences,en
244,Incoming,data science odsc barcelona list pytorch automl training hiring data scientists jobs,en
252,Incoming,open count total number frames video opencv python source code access information,en
254,Incoming,datascience job offer,en
255,Incoming,environment jobs alert,en
257,Incoming,know 90 data scientists missing,en
264,Incoming,new comment data processing analysis automation oil pipeline inspection,en
268,Incoming,datascience@ub ds job 2,en
271,Incoming,birthday surprise waiting ms chang,en
272,Incoming,confirm email join ironhack,en
276,Incoming,international affairs organization hiring switzerland apply,en
278,Incoming,personal info,en
280,Incoming,personal info,en
282,Incoming,personal info,en
283,Incoming,multiprocessing versus threading single workstation python 2 x tuesday march 26,en
286,Incoming,thursday join 75 pythonistas python february meetup,en
291,Incoming,gracias/thank pd/tech icta,en
292,Incoming,data science odsc barcelona list looking venues host local meetups,en
293,Incoming,refund punto fa sl mango com,en
294,Incoming,refund punto fa sl mango com,en
304,Incoming,free video google colab use free gpu tpu,en
305,Incoming,swiss hiring switzerland apply,en
306,Incoming,wallapop new job matches preferences,en
308,Incoming,[request received] iberiaplustore missing transaction claim,en
311,Incoming,nan,en
317,Incoming,[free guide] comparing top 5 nosql databases,en
318,Incoming,ready start using sas ondemand academics,en
319,Incoming,bank account transfer complete,en
321,Incoming,tree physiology decision manuscript id tp,en
322,Incoming,tree physiology decision manuscript id tp,en
324,Incoming,tree physiology decision manuscript id tp,en
325,Incoming,tree physiology decision manuscript id tp,en
326,Incoming,tree physiology decision manuscript id tp,en
328,Incoming,tree physiology decision manuscript id tp,en
330,Incoming,tree physiology decision manuscript id tp,en
332,Incoming,tree physiology decision manuscript id tp,en
333,Incoming,tree physiology decision manuscript id tp,en
334,Incoming,tree physiology decision manuscript id tp,en
335,Incoming,tree physiology decision manuscript id tp,en
337,Incoming,fwd tree physiology decision manuscript id tp,en
342,Incoming,q data science odsc barcelona list 70 ends soo q n donet miss europe leading data science conference,en
343,Incoming,gartner hiring barcelona apply,en
344,Incoming,tapp water sl suspended automatic payments,en
357,Incoming,reading material science,en
358,Incoming,update invoices category picture collection,en
366,Incoming,welcome databricks please verify email address,en
368,Incoming,android workshop android basics user interface user input saturday may 4,en
370,Incoming,warm welcome career services,en
371,Incoming,may pybcn practice sessions intro image processing computer vision saturday may 25,en
372,Incoming,travelperk new job matches preferences,en
385,Incoming,regarding resume,en
387,Incoming,environment jobs alert,en
390,Incoming,apply job recently saved,en
391,Incoming,chang resume review complete,en
394,Incoming,[update] guideline changes photo collection,en
402,Incoming,regarding application scientist postdoc agricultural soil management,en
405,Incoming,pyladies bcn list pyladiesbcn july meetup special summer edition,en
407,Incoming,data processing analysis automation oil pipeline inspection,en
408,Incoming,top jobs business intelligence analyst barcelona ready apply,en
409,Incoming,data science odsc barcelona list watch east 2019 keynotes free streaming boston,en
410,Incoming,thank application scopely,en
414,Incoming,profile submitted fao food agriculture organization united nations,en
415,Incoming,kodify new job matches preferences,en
417,Incoming,business intelligence analyst barcelona stuart,en
423,Incoming,[request received] iberiaplustore missing transaction claim,en
427,Incoming,data processing analysis automation oil pipeline inspection tuesday may 28,en
443,Incoming,social tec hunting new job matches preferences,en
445,Incoming,pyladies bcn list paid internship opportunity build app dsf,en
458,Incoming,hackaton,en
464,Incoming,barcelona python meetup list logo brand image contest python barcelona association,en
465,Incoming,barcelona python meetup list job offer {senior backend python engineer} {qustodio},en
472,Incoming,job learnlight still available apply soon,en
484,Incoming,barcelona python meetup list python february meetup rsvp open,en
485,Incoming,simulated rain addition modifies diurnal patterns articles mendeley,en
487,Incoming,environment jobs alert,en
488,Incoming,short term job native french speaker,en
491,Incoming,barcelona spark meetup list see tomorrow 19 00 spark meetup qubole,en
498,Incoming,data science odsc barcelona list image classification nlp datasets official odsc slack channel jobs,en
500,Incoming,thank application,en
504,Incoming,coding list primary | kick final coding,en
506,Incoming,coding list primary | kick final coding,en
510,Incoming,coding list primary | kick final coding,en
512,Incoming,coding list primary | kick final coding,en
514,Incoming,coding list primary | kick final coding,en
516,Incoming,coding list primary | kick final coding,en
518,Incoming,coding list primary | kick final coding,en
520,Incoming,coding list primary | kick final coding,en
521,Incoming,coding list primary | kick final coding,en
523,Incoming,coding list primary | kick final coding,en
525,Incoming,coding list primary | kick final coding,en
527,Incoming,coding list primary | kick final coding,en
529,Incoming,coding list primary | kick final coding,en
531,Incoming,coding list primary | kick final coding,en
533,Incoming,data science odsc barcelona list nlp research write ds job descriptions kubeflow jobs,en
538,Incoming,postdoc within soil fertility modelling soil carbon nitrogen phosphorus european agroecosystems,en
539,Incoming,please activate sas profile join sas ondemand academics,en
549,Incoming,q tickets workshop 3a introduccic3b3n prc3a1ctica q apache spark,en
552,Incoming,barcelona python meetup list fwd job offer female data scientist instructor allwomen tech,en
565,Incoming,last chance 2 events tomorrow,en
568,Incoming,pyladies bcn list fwd virtual interview father video games pioneering engineering & silicon valley troublemaker allan alcorn,en
570,Incoming,different soil respiration responses litter articles mendeley,en
575,Incoming,longterm pattern magnitude soil carbon articles mendeley,en
580,Incoming,environment jobs alert,en
582,Incoming,travelperk need know,en
585,Incoming,update diversity pictures photo collection project,en
587,Incoming,environment jobs alert,en
590,Incoming,master,en
591,Incoming,barcelona python meetup list job offer full stack engineer perengo,en
594,Incoming,application stuart completed next,en
595,Incoming,136 avios way,en
596,Incoming,q message attendees workshop 3a introduccic3b3n prc3a1 q ctica apache spark,en
597,Incoming,mind analytics new job matches preferences,en
598,Incoming,environment jobs alert,en
599,Incoming,four reminders,en
605,Incoming,invitation 2019 mcaa general assembly vienna 24th february 2019,en
612,Incoming,important regarding links work,en
618,Incoming,update tables forms photo collection project es,en
632,Incoming,competition launch ieee fraud detection,en
634,Incoming,fwd competition launch ieee fraud detection,en
646,Incoming,value soil respiration measurements articles mendeley,en
655,Incoming,thank application position postdoctoral fellow environmental sciences lund university,en
678,Incoming,humble bundle account created,en
679,Incoming,humble bundle account created,en
684,Incoming,ready meditate,en
685,Incoming,q nestlc3a9 hiring switzerland apply,en
689,Incoming,heard back frontiers,en
695,Incoming,undp hiring switzerland apply,en
700,Incoming,membership internations,en
701,Incoming,environment jobs alert,en
708,Incoming,refund punto fa sl mango com,en
709,Incoming,name chang chaoting mentioned thesis chapter academia edu,en
710,Incoming,ds job offer,en
712,Incoming,ds fyi,en
715,Incoming,salesforce hiring switzerland apply,en
726,Incoming,barcelona tensorflow meetup list videos & presentations available,en
733,Incoming,sql summer camp joins finally,en
737,Incoming,glencore opportunity apply,en
740,Incoming,managing uncertainty soil carbon feedbacks articles mendeley,en
742,Incoming,heard back frontiers,en
744,Incoming,poster sibecol,en
748,Incoming,united nations office project services hiring switzerland apply,en
750,Incoming,[request received] iberiaplustore missing transaction claim,en
756,Incoming,invoices rate changed photo collection project es,en
787,Incoming,briefing creative coding auto,en
788,Incoming,briefing creative coding auto,en
789,Incoming,q offer ends soon c2a0fly q 529e282ac japan book,en
791,Incoming,glencore hiring switzerland apply,en
792,Incoming,changing precipitation pattern alters soil articles mendeley,en
793,Incoming,barcelona python meetup list job offer datascientists openevidence,en
794,Incoming,wallapop new job matches preferences,en
796,Incoming,unsupervised learning,en
797,Incoming,barcelona python meetup list job offer senior data scientist lead ratings,en
800,Incoming,scopely hiring barcelona apply,en
804,Incoming,rheinmetall hiring germany apply,en
809,Incoming,debiting payment different company purchase,en
810,Incoming,promise get new job lifetime guarantee,en
815,Incoming,thank google coding project,en
818,Incoming,bigmicrosite framework soil carbon modeling articles mendeley,en
825,Incoming,environment jobs alert,en
829,Incoming,swiss hiring switzerland apply,en
839,Incoming,swiss hiring switzerland apply,en
845,Incoming,changes,en
846,Incoming,fwd oferta minsait,en
849,Incoming,new link,en
855,Incoming,international affairs organization hiring switzerland apply,en
856,Incoming,urgent please read guidelines/tips worst variables consistency analysis,en
857,Incoming,urgent please read guidelines/tips worst variables consistency analysis,en
858,Incoming,warm welcome pyladies bcn,en
864,Incoming,swisscard aecs gmbh hiring switzerland apply,en
873,Incoming,environment jobs alert,en
878,Incoming,barcelona python meetup list job offer mid level python developer cadt,en
881,Incoming,nobody expects humble book bundle python 2019 packt,en
882,Incoming,ecolab king apply,en
884,Incoming,swiss hiring switzerland apply,en
885,Incoming,next steps briefing,en
887,Incoming,next steps briefing,en
894,Incoming,briefing,en
897,Incoming,united nations office project services hiring switzerland apply,en
898,Incoming,bank account transfer complete,en
907,Incoming,deadlines,en
909,Incoming,deadlines,en
911,Incoming,deadlines,en
915,Incoming,barcelona python meetup list job offer python developer aritmos,en
920,Incoming,primary codebook,en
923,Incoming,primary codebook,en
925,Incoming,primary codebook,en
927,Incoming,primary codebook,en
933,Incoming,swiss hiring switzerland apply,en
935,Incoming,2 important things auto,en
938,Incoming,chaoting,en
940,Incoming,thoughtworks hiring germany apply,en
951,Incoming,new jobs switzerland apply,en
952,Incoming,new jobs switzerland apply,en
956,Incoming,apply jobs recently saved,en
961,Incoming,barcelona python meetup list kernel analytics looking web developer,en
962,Incoming,general rules office,en
963,Incoming,friendly reminder,en
970,Incoming,glencore hiring switzerland apply,en
972,Incoming,environment jobs alert,en
986,Incoming,[request received] iberiaplustore missing transaction claim,en
991,Incoming,top jobs climate change germany ready apply,en
992,Incoming,q moneyes way bank account,en
993,Incoming,[rakuten] rakuten member registration successfully completed,en
996,Incoming,solicitud en indeed traditional chinese video game tester,en
997,Incoming,chaoting need help,en
999,Incoming,submitted order amount 24 65 eur british airways plc,en
1001,Incoming,new coding project google,en
1003,Incoming,new coding project google,en
1004,Incoming,new coding project google,en
1006,Incoming,new coding project google,en
1008,Incoming,new coding project google,en
1010,Incoming,fwd new coding project google,en
1012,Incoming,greenhouse gas budget co2 ch4and n2o articles mendeley,en
1020,Incoming,womenintech summer picnic 3rd edition friday august 30,en
1022,Incoming,[request received] iberiaplustore missing transaction claim,en
1025,Incoming,list publications jfgl 2018 academia edu,en
1028,Incoming,hello want log account system asks verify securi [incident ],en
1034,Incoming,remember processing payment fap cosmetics purchase soon,en
1042,Incoming,job offer,en
1046,Incoming,booking confirmation,en
1047,Incoming,debiting payment isolee madrid sl purchase,en
1052,Incoming,q shocking warning climate scientists,en
1058,Incoming,miratech hiring germany apply,en
1060,Incoming,master class,en
1066,Incoming,sarita posted barcelona natural language processing meetup group,en
1074,Incoming,order lcqrt7 validated,en
1077,Incoming,environment jobs alert,en
1089,Incoming,pyladies bcn list fwd roscon 2019 diversity scholarships applications open,en
1090,Incoming,pyladies bcn list fwd roscon 2019 diversity scholarships applications open,en
1093,Incoming,altran group new job matches preferences,en
1094,Incoming,remember processing payment different company purchase soon,en
1095,Incoming,barcelona python meetup list pybcn podcast 2,en
1100,Incoming,environment jobs alert,en
1108,Incoming,good news new coding project google,en
1109,Incoming,good news new coding project google,en
1111,Incoming,good news new coding project google,en
1113,Incoming,good news new coding project google,en
1115,Incoming,good news new coding project google,en
1116,Incoming,discover new cologne absolue pacific lime,en
1117,Incoming,coding list primary | kick final coding,en
1118,Incoming,son bitch knew took last beer,en
1122,Incoming,fao recruitment profile needs updated,en
1124,Incoming,fao recruitment profile needs updated,en
1128,Incoming,rheinmetall hiring germany apply,en
1129,Incoming,important message pyday barcelona 2018 attendees,en
1131,Incoming,top jobs climate change switzerland ready apply,en
1133,Incoming,regarding recently uploaded resume,en
1135,Incoming,remember processing payment isolee madrid sl purchase soon,en
1159,Incoming,heard back frontiers,en
1170,Incoming,python & nlp introduction spacy jupyter notebooks thursday april 25,en
1174,Incoming,environment jobs alert,en
1177,Incoming,debiting payment fap cosmetics purchase,en
1183,Incoming,24 hours left get ai bonus package gone,en
1185,Incoming,refund punto fa sl mango com,en
1187,Incoming,multitemporal influence vegetation soil articles mendeley,en
1188,Incoming,environment jobs alert,en
1195,Incoming,air france boarding pass barcelona 02 oct,en
1199,Incoming,baggage located,en
1207,Incoming,q perfumeres knowhow,en
1212,Incoming,contact form,en
1214,Incoming,contact form,en
1216,Incoming,contact form,en
1218,Incoming,refund punto fa sl mango com,en
1219,Incoming,thank application scopely,en
1229,Incoming,ds job offer remunerated internship vacancy accenture barcelona,en
1230,Incoming,environment jobs alert,en
1231,Incoming,forget build free cluster,en
1233,Incoming,environment jobs alert,en
1235,Incoming,q laura cortc3a9s posted barcelona nat q ural language processing meetup group,en
1239,Incoming,application amazon,en
1240,Incoming,job amazon still available apply soon,en
1245,Incoming,twitter,en
1246,Incoming,le labo fragrances order way,en
1249,Incoming,welcome socrata,en
1257,Incoming,aecom need know,en
1259,Incoming,variability soil respiration different articles mendeley,en
1260,Incoming,pyladies bcn list fwd job offer female data scientist instructor allwomen tech,en
1269,Incoming,apply jobs recently saved,en
1270,Incoming,fyi ds job softonic,en
1271,Incoming,automated modeling ecosystem co2fluxes based articles mendeley,en
1279,Incoming,using gradient method determine soil gas articles mendeley,en
1282,Incoming,fwd rrhh deloitte oferta de empleo,en
1285,Incoming,billing agreement cancellation confirmation,en
1286,Incoming,billing agreement cancellation confirmation,en
1287,Incoming,billing agreement cancellation confirmation,en
1292,Incoming,data science odsc barcelona list image augmentation cnns lowcode hype active learning jobs,en
1294,Incoming,management intensification effects autotrophic articles mendeley,en
1298,Incoming,environment jobs alert,en
1306,Incoming,environment jobs alert,en
1310,Incoming,thanks applying,en
1311,Incoming,junior customer analyst application submitted,en
1316,Incoming,flying blue password updated,en
1321,Incoming,debiting payment fap cosmetics purchase,en
1330,Incoming,started job application,en
1338,Incoming,pyday notebooks,en
1340,Incoming,pyday notebooks,en
1341,Incoming,pyday notebooks,en
1342,Incoming,pyday notebooks,en
1343,Incoming,pyday notebooks,en
1345,Incoming,pyday notebooks,en
1346,Incoming,pyday notebooks,en
1347,Incoming,pyday notebooks,en
1348,Incoming,pyday notebooks,en
1352,Incoming,amazon red points advantage consultores apply,en
1353,Incoming,earned ready takeoff badge alteryx community,en
1355,Incoming,q nestlc3a9 hiring switzerland apply,en
1358,Incoming,postdoc within soil fertility modelling soil carbon nitrogen phosphorus european agroecosystems,en
1366,Incoming,thanks applying,en
1367,Incoming,payment order ord,en
1370,Incoming,ds job offer,en
1374,Incoming,common mistakes coding primary codebook,en
1376,Incoming,common mistakes coding primary codebook,en
1379,Incoming,common mistakes coding primary codebook,en
1383,Incoming,thank & temporary replay,en
1391,Incoming,2 people visited profile,en
1394,Incoming,different company order lsnhgoq dated 10/5/18 way,en
1395,Incoming,environment jobs alert,en
1402,Incoming,bank account transfer complete,en
1404,Incoming,shipping spain,en
1407,Incoming,shipping spain,en
1409,Incoming,shipping spain,en
1424,Incoming,remember processing payment fap cosmetics purchase soon,en
1427,Incoming,amazon hiring apply,en
1429,Incoming,refund punto fa sl mango com,en
1430,Incoming,qlik account registration,en
1432,Incoming,welcome chaoting chang,en
1437,Incoming,today enjoy free shipping europe,en
1438,Incoming,le labo fragrances order way,en
1440,Incoming,refund punto fa sl mango com,en
1443,Incoming,[24 hours it] webinar announcement,en
1445,Incoming,discover woody fragrances,en
1451,Incoming,bank account transfer complete,en
1458,Incoming,gaf united nations office project services institutional shareholder services apply,en
1459,Incoming,discovery set ship spain,en
1461,Incoming,discovery set ship spain,en
1464,Incoming,discovery set ship spain,en
1466,Incoming,discovery set ship spain,en
1473,Incoming,charlize aticco,en
1474,Incoming,city exclusives event two weeks left,en
1475,Incoming,global warming changes drought articles mendeley,en
1480,Incoming,amazon hiring apply,en
1487,Incoming,competition launch recursion cellular image classification,en
1499,Incoming,208 avios way,en
1508,Incoming,got money request,en
1509,Incoming,international council clean transportation hiring germany apply,en
1511,Incoming,welcome slides,en
1514,Incoming,[request received] iberiaplustore missing transaction claim,en
1515,Incoming,shipment order 2457 way,en
1516,Incoming,order number,en
1529,Incoming,forestry officer climate finance redd fao food agriculture organization united nations,en
1532,Incoming,le labo concierge inquiry received order yet receive,en
1533,Incoming,influence experimental extreme water pulses articles mendeley,en
1541,Incoming,remember processing payment fap cosmetics purchase soon,en
1542,Incoming,vizsweet forthcoming dataviz software please confirm subscription,en
1544,Incoming,amazon com hiring apply,en
1556,Incoming,environment jobs alert,en
1573,Incoming,welcome,en
1585,Incoming,job application,en
1587,Incoming,amazon hiring apply,en
1593,Incoming,45 ways activate data science career,en
1628,Incoming,environment jobs alert,en
1629,Incoming,[github] please verify email address,en
1633,Incoming,change detection prediction land use land cover academia edu,en
1638,Incoming,environment jobs alert,en
1650,Incoming,postdoc within soil fertility modelling soil carbon nitrogen phosphorus european agroecosystems,en
1653,Incoming,fyi,en
1660,Incoming,environment jobs alert,en
1663,Incoming,shifts growingseason precipitation peaks articles mendeley,en
1671,Incoming,amazon red points advantage consultores apply,en
1681,Incoming,data scientist need survive outside lab wednesday april 17,en
1688,Incoming,environment jobs alert,en
1697,Incoming,chaoting little awkward,en
1700,Incoming,doc reserva,en
1704,Incoming,confirmation,en
1706,Incoming,confirmation,en
1707,Incoming,confirmation,en
1709,Incoming,confirmation,en
1710,Incoming,confirmation,en
1713,Incoming,usability testing,en
1715,Incoming,usability testing,en
1717,Incoming,usability testing,en
1719,Incoming,usability testing,en
1732,Incoming,le labo fragrances received order,en
1736,Incoming,submission,en
1737,Incoming,submission,en
1738,Incoming,submission,en
1739,Incoming,submission,en
1742,Incoming,datascienceub free tickets bcn dataops,en
1743,Incoming,matricula data science & big data,en
1745,Incoming,matricula data science & big data,en
1747,Incoming,bank account transfer complete,en
1757,Incoming,android workshop networking saturday june 29,en
1760,Incoming,authorized payment kiko p,en
1763,Incoming,sensitivity soil respiration soil articles mendeley,en
1770,Incoming,invite team slack,en
1771,Incoming,amazon hiring apply,en
1774,Incoming,amazon hiring apply,en
1775,Incoming,saturday make february pybcn practice sessions social network analysis networkx,en
1778,Incoming,soil autotrophic heterotrophic respiration articles mendeley,en
1779,Incoming,le labo fragrances received order,en
1783,Incoming,chaoting little awkward,en
1786,Incoming,submitted order amount 14 16 usd kobo,en
1787,Incoming,environment jobs alert,en
1789,Incoming,fyi fao vacancy irc5552 selection process finalized,en
1794,Incoming,pdf resource help lot,en
1795,Incoming,amazon hiring apply,en
1799,Incoming,next batch ads coming soon google,en
1801,Incoming,next batch ads coming soon google,en
1802,Incoming,next batch ads coming soon google,en
1804,Incoming,next batch ads coming soon google,en
1806,Incoming,next batch ads coming soon google,en
1809,Incoming,submitted order amount 25 00 eur el corte ingles,en
1811,Incoming,air france boarding documents 22 sep,en
1812,Incoming,air france boarding documents 22 sep,en
1827,Incoming,refund punto fa sl mango com,en
1828,Incoming,refund punto fa sl mango com,en
1829,Incoming,refund punto fa sl mango com,en
1830,Incoming,debiting payment fap cosmetics purchase,en
1832,Incoming,confirmed eligible travel credit summer,en
1833,Incoming,switching insurance energy suppliers easy & rewarding,en
1845,Incoming,q ontarioes cap trade cancellation act recomm q endations minister academia edu,en
1846,Incoming,refund punto fa sl mango com,en
1847,Incoming,refund punto fa sl mango com,en
1848,Incoming,booking confirmation,en
1851,Incoming,manuscript temperature responses,en
1852,Incoming,manuscript temperature responses,en
1854,Incoming,manuscript temperature responses,en
1855,Incoming,manuscript temperature responses,en
1857,Incoming,manuscript temperature responses,en
1859,Incoming,manuscript temperature responses,en
1860,Incoming,manuscript temperature responses,en
1861,Incoming,manuscript temperature responses,en
1862,Incoming,manuscript temperature responses,en
1863,Incoming,manuscript temperature responses,en
1864,Incoming,manuscript temperature responses,en
1865,Incoming,manuscript temperature responses,en
1866,Incoming,started job application,en
1874,Incoming,chaoting welcome deep learning advanced nlp rnns,en
1891,Incoming,environment jobs alert,en
1893,Incoming,nan,en
1894,Incoming,nan,en
1895,Incoming,pew research center account created,en
1897,Incoming,contract,en
1907,Incoming,customer account activation,en
1908,Incoming,submitted order amount 14 29 usd kobo,en
1914,Incoming,amazon verification code,en
1916,Incoming,environment jobs alert,en
1919,Incoming,recent article submission,en
1921,Incoming,barcelona python meetup list workshop flask introduction,en
1930,Incoming,windows1252 q greenhouse gas emissions soils97a revie windows1252 q w articles mendeley,en
1937,Incoming,dijous fem iso q valle8s,en
1938,Incoming,swiss hiring switzerland apply,en
1942,Incoming,environment jobs alert,en
1944,Incoming,python february meetup thursday february 21,en
1953,Incoming,ds job offer,en
1954,Incoming,welcome paypal one touch,en
1958,Incoming,tree physiology decision manuscript id tp r2,en
1960,Incoming,tree physiology decision manuscript id tp r2,en
1962,Incoming,fwd tree physiology decision manuscript id tp r2,en
1963,Incoming,activate profile,en
1966,Incoming,grazing intensity significantly affects articles mendeley,en
1968,Incoming,linguistic survey update,en
1971,Incoming,thanks signing world rewards,en
1978,Incoming,fwd capstone,en
1979,Incoming,fwd capstone,en
1985,Incoming,environment jobs alert,en
1989,Incoming,environment jobs alert,en
1991,Incoming,environment jobs alert,en
2001,Incoming,environment jobs alert,en
2002,Incoming,c python html5 humble book bundle pocket primers mercury,en
2003,Incoming,link briefing,en
2011,Incoming,adp hiring barcelona apply,en
2014,Incoming,environment jobs alert,en
2015,Incoming,authorized payment kiko p,en
2027,Incoming,martin krallinger posted barcelona natural language processing meetup group,en
2067,Incoming,find files,en
2069,Incoming,application received,en
2075,Incoming,march 78 7k users visit website google analytics,en
2081,Incoming,environment jobs alert,en
2104,Incoming,stand ages regulate response soil articles mendeley,en
2106,Incoming,application postdoc forest ecology received,en
2109,Incoming,debiting payment fap cosmetics purchase,en
2119,Incoming,environment jobs alert,en
2132,Incoming,earn spend miles partner airlines,en
2134,Incoming,countdown started,en
2136,Incoming,make job search easier 35 resumes,en
2138,Incoming,q re3a c39anete mi grupo de whatsapp 22cristal ball22,en
2139,Incoming,q c39anete mi grupo de whatsapp 22cristal ball22,en
2141,Incoming,confirmation registration,en
2148,Incoming,job application,en
2154,Incoming,fabia made admin team project 3 9 59 july 12 2019,en
2155,Incoming,science fiction & fantasy new ebook/audiobook bundle,en
2157,Incoming,bienvenid@ housfy,en
2160,Incoming,dimarts fem iso q valle8s,en
2165,Incoming,exclusive offer 10 discount,en
2176,Incoming,premium experience,en
2178,Incoming,environment jobs alert,en
2184,Incoming,account information changed,en
2189,Incoming,terrestrial carbon balance drier world articles mendeley,en
2196,Incoming,4 things next vacation,en
2197,Incoming,join us internations bcn | bossa nova expat social @ patapam,en
2198,Incoming,variability soil organic carbon stocks soil articles mendeley,en
2201,Incoming,order yet receive,en
2204,Incoming,welcome byredo,en
2208,Incoming,environment jobs alert,en
2213,Incoming,pdfs guys please read carefully,en
2215,Incoming,sql summer camp,en
2229,Incoming,new batch ads | creative coding,en
2235,Incoming,environment jobs alert,en
2238,Incoming,updated coinbase user agreement privacy policy,en
2251,Incoming,rv nota simple registroonline,en
2256,Incoming,heard back frontiers,en
2280,Incoming,job offer game tester ea sports,en
2285,Incoming,environment jobs alert,en
2288,Incoming,environment jobs alert,en
2299,Incoming,edx start testing paywalls; second wave mooc hype; 370 moocs college credit,en
2300,Incoming,new taiwanese cycle linguistic survey 21th march,en
2302,Incoming,new taiwanese cycle linguistic survey 21th march,en
2304,Incoming,new taiwanese cycle linguistic survey 21th march,en
2306,Incoming,new taiwanese cycle linguistic survey 21th march,en
2311,Incoming,chaoting revolut card way,en
2314,Incoming,millennial model search measurable articles mendeley,en
2318,Incoming,comparing ecosystem soil respiration review articles mendeley,en
2323,Incoming,new taiwanese cycle linguistic survey 14th march,en
2325,Incoming,new taiwanese cycle linguistic survey 14th march,en
2327,Incoming,new taiwanese cycle linguistic survey 14th march,en
2329,Incoming,new taiwanese cycle linguistic survey 14th march,en
2330,Incoming,new taiwanese cycle linguistic survey 14th march,en
2336,Incoming,autoclick closing contract,en
2349,Incoming,edreams odigeo new job matches preferences,en
2352,Incoming,linguistic survey reminder 20th march 10 00,en
2354,Incoming,gb2312 b u/rgsddqs8w,en
2360,Incoming,global spatiotemporal distribution soil articles mendeley,en
2365,Incoming,get complimentary 2018 gartner magic quadrant report analytics bi platforms,en
2366,Incoming,environment jobs alert,en
2372,Incoming,environment jobs alert,en
2377,Incoming,new linguistic survey february,en
2379,Incoming,new linguistic survey february,en
2381,Incoming,new linguistic survey february,en
2391,Incoming,contacte aparcaments b sm,en
2408,Incoming,carbon availability regulates soil respiration articles mendeley,en
2427,Incoming,less 12 hours left sign ups close,en
2430,Incoming,consistency analysis,en
2432,Incoming,locteam linguistic survey reminder,en
2434,Incoming,contact form,en
2441,Incoming,environment jobs alert,en
2443,Incoming,message behalf mcaa bridging science business working group webinar 4,en
2445,Incoming,submitted order amount 58 61 usd kobo,en
2446,Incoming,submitted order amount 58 61 usd kobo,en
2453,Incoming,welcome knudge,en
2459,Incoming,please edit submission,en
2466,Incoming,officially kaggler,en
2467,Incoming,arguscarhire thank contacting us tue dec 26 11 54 05 gmt 2017,en
2471,Incoming,q miles every e282ac1 spend,en
2472,Incoming,withdrawal started,en
2477,Incoming,longterm pattern magnitude soil carbon articles mendeley,en
2490,Incoming,exchange greenhouse gases soil articles mendeley,en
2496,Incoming,environment jobs alert,en
2507,Incoming,weird science abounds new book bundle make,en
2513,Incoming,payslip settlement,en
2523,Incoming,winter markdowns reductions,en
2528,Incoming,q roll eatc2ae order way,en
2531,Incoming,environment jobs alert,en
2541,Incoming,airbnb hiring barcelona apply,en
2542,Incoming,useful bits information,en
2546,Incoming,boreal temperate trees show strong acclimation articles mendeley,en
2561,Incoming,es,en
2569,Incoming,verification code,en
2585,Incoming,[webinar] better machine learning models multiobjective optimization,en
2590,Incoming,q moneyes way bank account,en
2594,Incoming,[request received] iberiaplustore missing transaction claim,en
2596,Incoming,[request received] iberiaplustore missing transaction claim,en
2601,Incoming,uvbn5d | thank checking chang trip barcelona,en
2603,Incoming,environment jobs alert,en
2605,Incoming,environment jobs alert,en
2613,Incoming,uvbn5d need car hire barcelona price promise find car cheaper,en
2614,Incoming,yuchin li uploaded identifying foodrelated word association topic model processing using lda 1 paper,en
2622,Incoming,nobody expects humble book bundle python packt,en
2630,Incoming,environment jobs alert,en
2633,Incoming,pyladies bcn list pybcn association membership registration open,en
2635,Incoming,welcome asana,en
2637,Incoming,withdrawal started,en
2641,Incoming,authorized payment flixmobility gmbh,en
2642,Incoming,global soil carbon projections improved articles mendeley,en
2648,Incoming,fanny,en
2659,Incoming,flixbus booking confirmation,en
2662,Incoming,big5 b uxg43kvk,en
2672,Incoming,new google account connected,en
2679,Incoming,global soil carbon projections improved articles mendeley,en
2689,Incoming,nan,en
2691,Incoming,nan,en
2697,Incoming,authorized payment flixmobility gmbh,en
2706,Incoming,got nothing love denim 10 purchase,en
2710,Incoming,flixbus booking confirmation,en
2712,Incoming,environment jobs alert,en
2721,Incoming,variations soil carbon sequestration articles mendeley,en
2722,Incoming,fwd icom data science hackathon,en
2723,Incoming,security update regarding uplay account please create new password,en
2724,Incoming,environment jobs alert,en
2726,Incoming,q weere thanks us,en
2734,Incoming,environment jobs alert,en
2738,Incoming,[must hear] critical data science career,en
2743,Incoming,locteam linguistic survey taiwanese speakers,en
2745,Incoming,locteam linguistic survey taiwanese speakers,en
2747,Incoming,locteam linguistic survey taiwanese speakers,en
2750,Incoming,locteam linguistic survey taiwanese speakers,en
2757,Incoming,reservation ap6jqf time check bcn scq,en
2758,Incoming,personal website waiting,en
2767,Incoming,united nations office project services hiring germany apply,en
2787,Incoming,journey today flixbus,en
2793,Incoming,masterclasses,en
2809,Incoming,job aecom still available apply soon,en
2811,Incoming,environment jobs alert,en
2816,Incoming,environment jobs alert,en
2828,Incoming,free 48 hours outlast deluxe edition end summer sale encore starts,en
2831,Incoming,humble bundle order ready,en
2832,Incoming,late today arrival around 12h12h30,en
2834,Incoming,environment jobs alert,en
2838,Incoming,grab walking dead free save thousands games end summer sale,en
2839,Incoming,ticket,en
2858,Incoming,new project sent lt account,en
2860,Incoming,contact,en
2862,Incoming,contact,en
2873,Incoming,drought impact forest carbon dynamics articles mendeley,en
2876,Incoming,environment jobs alert,en
2891,Incoming,hitrental lu station ii hitrental apartment lucerne reservation estimated arrival time missing,en
2893,Incoming,hitrental lu station ii hitrental apartment lucerne reservation estimated arrival time missing,en
2897,Incoming,delivery status notification failure,en
2907,Incoming,please confirm subscription,en
2908,Incoming,predictability terrestrial carbon cycle articles mendeley,en
2912,Incoming,nomina,en
2915,Incoming,different soil respiration responses litter articles mendeley,en
2924,Incoming,chaoting chang regarding recent orders amazon co uk,en
2934,Incoming,buy first bitcoin today,en
2935,Incoming,environment jobs alert,en
2940,Incoming,taiwanese linguistic survey still need participant,en
2942,Incoming,please verify email address,en
2945,Incoming,environment jobs alert,en
2949,Incoming,environment jobs alert,en
2950,Incoming,autotrophic component soil respiration articles mendeley,en
2960,Incoming,locteam l,en
2966,Incoming,using gradient method determine soil gas articles mendeley,en
2967,Incoming,wholesoil carbon flux response warming articles mendeley,en
2976,Incoming,environment jobs alert,en
2977,Incoming,value soil respiration measurements articles mendeley,en
2979,Incoming,environment jobs alert,en
2980,Incoming,environment jobs alert,en
2998,Incoming,playstation bundle new humble monthly week humble,en
3017,Incoming,bergen,en
3020,Incoming,bergen,en
3022,Incoming,bergen,en
3024,Incoming,bergen,en
3026,Incoming,bergen,en
3028,Incoming,bergen,en
3030,Incoming,bergen,en
3032,Incoming,identity verified,en
3033,Incoming,payslip settlement,en
3039,Incoming,increase forest wateruse efficiency articles mendeley,en
3041,Incoming,environment jobs alert,en
3067,Incoming,rotatek,en
3069,Incoming,rotatek,en
3070,Incoming,rotatek,en
3077,Incoming,environment jobs alert,en
3096,Incoming,phd thesis,en
3101,Incoming,refund punto fa sl mango com,en
3112,Incoming,send announce,en
3115,Incoming,environment jobs alert,en
3121,Incoming,paack new job matches preferences,en
3128,Incoming,environment jobs alert,en
3129,Incoming,question ask day recovery plan,en
3130,Incoming,delivery status notification failure,en
3132,Incoming,question ask day recovery plan,en
3151,Incoming,chaoting need help,en
3170,Incoming,environment jobs alert,en
3179,Incoming,cult beauty order,en
3182,Incoming,q re3a locteam3a welcome taiwc3a1n,en
3184,Incoming,q re3a locteam3a welcome taiwc3a1n,en
3185,Incoming,q re3a locteam3a welcome taiwc3a1n,en
3188,Incoming,amazon,en
3197,Incoming,project sent lt account music,en
3199,Incoming,capcom sega atlus bundled one,en
3205,Incoming,[job offer] data scientist open evidence,en
3207,Incoming,environment jobs alert,en
3208,Incoming,environment jobs alert,en
3213,Incoming,environment jobs alert,en
3225,Incoming,q account roll eatc2ae,en
3232,Incoming,ta availability voice recognition project,en
3233,Incoming,ta availability voice recognition project,en
3234,Incoming,almost pictures invalid,en
3236,Incoming,almost pictures invalid,en
3238,Incoming,almost pictures invalid,en
3242,Incoming,almost pictures invalid,en
3244,Incoming,almost pictures invalid,en
3246,Incoming,new request sent lt account music,en
3249,Incoming,phd thesis defense,en
3259,Incoming,sr curiel,en
3264,Incoming,car hire ref es paperless pickup new app,en
3265,Incoming,cricket new project,en
3269,Incoming,rv [ginkgo] fwd post doc offer france,en
3275,Incoming,thank donation,en
3279,Incoming,environment jobs alert,en
3317,Incoming,humble bundle charged 20 00,en
3324,Incoming,environment jobs alert,en
3325,Incoming,recent changes steam account,en
3335,Incoming,environment jobs alert,en
3363,Incoming,steam account verification,en
3364,Incoming,delivery status notification failure,en
3369,Incoming,thank registering,en
3371,Incoming,new project lt account music,en
3373,Incoming,friday project,en
3377,Incoming,thank registering interest,en
3383,Incoming,encuesta linguistica/ linguistic survey locteam,en
3387,Incoming,environment jobs alert,en
3392,Incoming,chaoting welcome feature selection machine learning,en
3403,Incoming,delivery status notification failure,en
3413,Incoming,environment jobs alert,en
3416,Incoming,pics,en
3421,Incoming,obsolete content removed soon,en
3422,Incoming,upcoming bitcoin forks,en
3423,Incoming,learn programming faster free tip,en
3426,Incoming,nan,en
3445,Incoming,humble bundle order ready,en
3452,Incoming,nomina,en
3455,Incoming,refund lecom projects l,en
3469,Incoming,prepare trip taipei,en
3474,Incoming,new project lt account,en
3483,Incoming,thank wikimedia foundation,en
3485,Incoming,q moocs longer massive3b harvardes largest c q lass vr3b 231 search engine online courses,en
3503,Incoming,environment jobs alert,en
3505,Incoming,culecito guess latest update see popular review,en
3506,Incoming,environment jobs alert,en
3508,Incoming,news cfi online learning summer school new mentor training starting,en
3514,Incoming,starting monday 9 top specializations,en
3521,Incoming,new version think reason argue,en
3522,Incoming,new version think reason argue,en
3525,Incoming,notice policy updates,en
3528,Incoming,refund mangoon line unipersonal mango com,en
3531,Incoming,culecito thank roll summary recent activity,en
3532,Incoming,mooc report 850 courses starting july 2016,en
3538,Incoming,environment jobs alert,en
3539,Incoming,recent application university new mexico,en
3558,Incoming,environment jobs alert,en
3564,Incoming,rv [forests] if1 583 invitation contribution special issue forest soil respiration climate changing,en
3566,Incoming,environment jobs alert,en
3574,Incoming,environment jobs alert,en
3597,Incoming,vueling / information booking mcm7qd /bcnltn/ 17 september,en
3599,Incoming,see data processing analysis automation oil pipeline inspection,en
3601,Incoming,announcement [forests] special issue climate change impacts dynamics forest ecosystems,en
3602,Incoming,announcement [forests] special issue climate change impacts dynamics forest ecosystems,en
3603,Incoming,announcement [forests] special issue climate change impacts dynamics forest ecosystems,en
3605,Incoming,fwd announcement [forests] special issue climate change impacts dynamics forest ecosystems,en
3607,Incoming,locteam survey information,en
3609,Incoming,locteam survey information,en
3611,Incoming,locteam survey information,en
3613,Incoming,welcome new workspace,en
3619,Incoming,environment jobs alert,en
3622,Incoming,environment jobs alert,en
3625,Incoming,chaoting people warned regret,en
3629,Incoming,busbud featured google play store,en
3633,Incoming,barcelona python meetup list job offer junior data engineer magnus commodities,en
3635,Incoming,operation giveback,en
3651,Incoming,nan,en
3652,Incoming,submission confirmation,en
3660,Incoming,environment jobs alert,en
3661,Incoming,updated language settings,en
3666,Incoming,refund mangoon line unipersonal mango com,en
3667,Incoming,refund mangoon line unipersonal mango com,en
3669,Incoming,fwd [ecologl] job oppt nceas postdoctoral researcher soil organic carbon,en
3670,Incoming,boarding passes booking mcm7qd /bcnltn/ 17 sep,en
3672,Incoming,environment jobs alert,en
3676,Incoming,course move flexible sessions starting august 15th,en
3683,Incoming,current mileage balance september,en
3698,Incoming,featured careers data analyst marketing manager,en
3702,Incoming,new device confirmation,en
3713,Incoming,recommended courses,en
3715,Incoming,intranet access invoicing system,en
3716,Incoming,intranet access invoicing system,en
3718,Incoming,intranet access invoicing system,en
3720,Incoming,intranet access invoicing system,en
3723,Incoming,intranet access invoicing system,en
3725,Incoming,intranet access invoicing system,en
3744,Incoming,explore account,en
3745,Incoming,explore account,en
3747,Incoming,picture collection boost better rates bigger bonuses,en
3753,Incoming,applied data scientist harnham,en
3755,Incoming,barcelona python meetup list fwd job offer data scientist citibeats,en
3758,Incoming,island meetings quick survey mcaa members,en
3760,Incoming,environment jobs alert,en
3761,Incoming,environment jobs alert,en
3762,Incoming,thank transperfect,en
3764,Incoming,thank enrolling,en
3766,Incoming,environment jobs alert,en
3768,Incoming,big data specialization refresh coming june 2016,en
3770,Incoming,course,en
3774,Incoming,[electronic arts] following application temporary videogame lt tester chinese madrid position,en
3777,Incoming,environment jobs alert,en
3778,Incoming,new cycle locteam account,en
3779,Incoming,birthday,en
3785,Incoming,environment jobs alert,en
3786,Incoming,environment jobs alert,en
3788,Incoming,kh7 vajillas,en
3790,Incoming,change policy,en
3792,Incoming,environment jobs alert,en
3793,Incoming,environment jobs alert,en
3798,Incoming,aw,en
3800,Incoming,nan,en
3803,Incoming,environment jobs alert,en
3807,Incoming,new project lt account,en
3809,Incoming,new project lt account,en
3811,Incoming,application reviewed,en
3812,Incoming,new setupvpn account ready,en
3817,Incoming,environment jobs alert,en
3820,Incoming,contribution soil respiration global articles mendeley,en
3824,Incoming,environment jobs alert,en
3833,Incoming,global spatiotemporal distribution soil articles mendeley,en
3838,Incoming,invitation participate msca esof satellite event research society manchester 2829 july,en
3839,Incoming,welcome fundamentals gis,en
3867,Incoming,environment jobs alert,en
3884,Incoming,zh tw voice recognition project,en
3886,Incoming,zh tw voice recognition project,en
3888,Incoming,zh tw voice recognition project,en
3890,Incoming,zh tw voice recognition project,en
3892,Incoming,zh tw voice recognition project,en
3894,Incoming,environment jobs alert,en
3911,Incoming,refund mangoon line unipersonal,en
3912,Incoming,fyi successfully submitted test,en
3916,Incoming,arcgis online username,en
3920,Incoming,fwd draft divorce agreement,en
3923,Incoming,meeting new batch ads,en
3924,Incoming,meeting new batch ads,en
3934,Incoming,bitcoin segwit2x update,en
3940,Incoming,february pybcn practice sessions social network analysis networkx saturday february 16,en
3947,Incoming,music new message locteam account,en
3952,Incoming,hey,en
3953,Incoming,traditional chinese video game tester candidate chao ting chang applied indeed,en
3956,Incoming,traditional chinese video game tester candidate chao ting chang applied indeed,en
3958,Incoming,traditional chinese video game tester candidate chao ting chang applied indeed,en
3960,Incoming,bp,en
3975,Incoming,welcome fundamentals gis,en
3977,Incoming,aw application postdoctoral researcher soil science,en
3980,Incoming,environment jobs alert,en
3981,Incoming,locteam attention transcription project,en
3984,Incoming,locteam attention transcription project,en
3989,Incoming,registration open 2019 mcaa general assembly conference vienna 24/25 february,en
3993,Incoming,nan,en
12,Incoming,tomorrow join members 22 l of deep learning matemc3a1ticas,es
13,Incoming,one of your favorites have new photos,es
27,Incoming,Thank you for shopping handle,es
32,Incoming,shows this mail INNODATA doors open from 16 30,es
36,Incoming,Simplified Chinese,es
38,Incoming,delivery notice,es
49,Incoming,one of your favorites have new photos,es
51,Incoming,a1participa test windows-1252 premiere the new windows-1252 range makeup,es
55,Incoming,Progress photo collection is,es
56,Incoming,one of your favorites and published estc3a1,es
58,Incoming,one of your favorites have new photos,es
59,Incoming,re3a query from web2c sent,es
62,Incoming,re3a query from web2c sent,es
87,Incoming,e29da4efb88f the best gift for Mother dc3ada of e28fb1c39altimo dc3ada c2a110 discount perfume for her f09f8e81,es
89,Incoming,dataops 2019 Barcelona conference,es
91,Incoming,the smart application econtrolling the ideal digital acompac3b1ante,es
94,Incoming,Consumer Alert,es
105,Incoming,ciao claim ting chang,es
107,Incoming,fwd claim ciao ting chang,es
110,Incoming,free advice to help you invest ciao,es
116,Incoming,subidc贸n have accumulated meg,es
122,Incoming,subidc贸n have accumulated meg,es
141,Incoming,c2a1nuevo your bc3bas villa chalets is your personalized area,es
142,Incoming,delivery notice,es
151,Incoming,c2a1ya you have the artc3adculo querc3adas,es
153,Incoming,c2bfsabes cc3b3mo prepare a trip chao3f,es
157,Incoming,39 engineer jobs / data center industry scientist tecnologic Catalonia Barcelona Province Barcelona,es
170,Incoming,information about their privacy polc3adtica,es
171,Incoming,c2a1mac3b1ana June 11 we discount the VAT alimentacic贸n 10 on gas stations carrefour,es
172,Incoming,good news down the so-called European unic贸n,es
175,Incoming,fwd ciao send you the receipt ting your insurance,es
186,Incoming,c2a1nuevo semidetached house your bc3basqu eda chalets barberc3a0 of vallc3a8s,es
190,Incoming,windows-1252 a1un good for the good planeta85 windows-1252 p ara your skin gift,es
192,Incoming,fiscally saves your income declaracic贸n ciao,es
193,Incoming,ciao ting free c2a1consigue new ecolc3b3gico eko f09f8e89,es
198,Incoming,graduate survey,es
205,Incoming,Fragonard celebrates spring,es
209,Incoming,e express your package zooplus ag iso iso llegare1 in prf3ximas hours,es
217,Incoming,a1participa windows-1252 test windows-1252 premiere our new fragrance,es
221,Incoming,welcome hackerrank,es
237,Incoming,windows-1252 20 a1oh divine spring la85,es
239,Incoming,seur have received your proposal for amending,es
243,Incoming,iso fw your devolucif3n porcelain tamume cle1sica,es
245,Incoming,c2a1nuevo your bc3bas villa chalets is your personalized area,es
262,Incoming,you have to know a lease has bitaclia boletc3adn 318,es
263,Incoming,pyladies bcn list fwd [pyladiesbcn] [Codemotion Madrid] discounts communities Activities,es
267,Incoming,c2a1nuevo your bc3bas villa chalets is your personalized area,es
273,Incoming,New improvements in the app bbva ciao,es
285,Incoming,one of your favorites have new photos,es
287,Incoming,bbva invest you with free advice ciao,es
295,Incoming,c2a1nuevo your bc3bas villa chalets is your personalized area,es
296,Incoming,iso before signing checks the docume iso plan ntacif3n be sure bbva,es
299,Incoming,is never too late to continue fulfilling suec3b1os,es
309,Incoming,Congratulations chaoting open your gift,es
310,Incoming,alexis has sent you a Amazon gift card,es
312,Incoming,free advice for you bye,es
351,Incoming,confirmacic贸n reservation date time e28fb3,es
352,Incoming,one of your favorites have new photos,es
353,Incoming,one of your favorites have new photos,es
355,Incoming,ciao ting already aquc3ad your chequeahorro,es
356,Incoming,f09f8e81 continue giving nonstop f09f8e81,es
365,Incoming,discoverers of barcelona catalunya list smugglers route in cerdanya,es
367,Incoming,today masterclass,es
369,Incoming,pyladies bcn list fwd shehacks adidas,es
377,Incoming,leasing contract,es
379,Incoming,leasing contract,es
380,Incoming,leasing contract,es
382,Incoming,leasing contract,es
384,Incoming,fwd lease,es
388,Incoming,Thank you for shopping at mangooutlet,es
397,Incoming,c2a1nuevo your bc3bas villa chalets is your personalized area,es
401,Incoming,e29aa0 c2a1un 15 wide web only this weekend e29aa0,es
404,Incoming,one of your favorites have new photos,es
426,Incoming,Thank you for applying ciao ting grants jobandtalent ironhack,es
446,Incoming,Get your beauty gifts at san valentc3adn,es
457,Incoming,iso have informacif3n important in my iso buzf3n on your bills cards,es
460,Incoming,sonrede2c windows-1252 a1es your cumpleaf1os chaoting,es
461,Incoming,windows-1252 envcdo collection costs a1gratis,es
462,Incoming,subidc贸n have accumulated meg,es
463,Incoming,escc3a1pate with staff prc3a9stamo online bbva ciao,es
471,Incoming,a1te windows-1252 give you a world of hidratacif3n,es
474,Incoming,e express your package zooplus ag iso iso llegare1 in prf3ximas hours,es
475,Incoming,capstone2 keras script,es
476,Incoming,capstone2 keras script,es
477,Incoming,capstone2 keras script,es
480,Incoming,capstone2 keras script,es
482,Incoming,mid season sale now c2a1empieza,es
483,Incoming,chang2c a1hasta windows-1252 on February 28,es
490,Incoming,avios pending iberiaplustore,es
495,Incoming,Thank you for shopping handle,es
499,Incoming,workshop appointment request form submission,es
532,Incoming,c2a1douglas beauty award winners in categorc3ada best skin care q,es
540,Incoming,c2a1ya you have the artc3adculo querc3adas,es
543,Incoming,delivery notice,es
555,Incoming,rc3basticas houses to invest habitacl reform ia boletc3adn 319,es
556,Incoming,aguan out on both sides,es
559,Incoming,aguan out on both sides,es
561,Incoming,aguan out on both sides,es
563,Incoming,your summary of the month you have 159 points with a value of 1 14c2a0e282ac,es
564,Incoming,f09f92a5 c2a1dc3ada woman merecem we will all,es
569,Incoming,daily summary of new ads,es
571,Incoming,f09f92bb thanks for signing the newsletter datahack f09fa496,es
608,Incoming,subidc贸n have accumulated meg,es
613,Incoming,DHL delivery demand,es
614,Incoming,DHL delivery demand,es
615,Incoming,DHL delivery demand,es
616,Incoming,Thank you for shopping at mangooutlet,es
630,Incoming,iso documentacif3 posgrau,es
640,Incoming,we27re debiting payment purchase l27occitane espac3b1a s2el2e,es
650,Incoming,script with classification report gridsearchcv pipeline,es
653,Incoming,one of your favorites again be published,es
654,Incoming,TAPP your account water,es
656,Incoming,thank you very much mc3a1s,es
661,Incoming,this san windows-1252 valentedn2c we give you an escape windows-1252 romc1ntica,es
662,Incoming,f09f8e81 welcome club Perfume,es
663,Incoming,santander manager profitability staff select projects,es
666,Incoming,is valuable reminder your opinic贸n 30 seconds is sufficient,es
668,Incoming,application in response indeed alpha games neth G94 LQA 40 hrs headsup,es
671,Incoming,application in response indeed alpha games neth G94 LQA 40 hrs headsup,es
673,Incoming,application in response indeed alpha games neth G94 LQA 40 hrs headsup,es
675,Incoming,application in response indeed alpha games neth G94 LQA 40 hrs headsup,es
677,Incoming,application in response indeed alpha games neth G94 LQA 40 hrs headsup,es
682,Incoming,frame coding question tip 1,es
687,Incoming,fyi3a responsible job offer posicic贸n3a control box microsoft power bi,es
690,Incoming,INNODATA 132 members join tomorrow congress & big data analytics in Barcelona,es
691,Incoming,c2a1tenemos the complete series and Game of Thrones for you f09f9191,es
696,Incoming,c2a1ya you have the artc3adculo querc3adas,es
702,Incoming,c2a1ya you have the artc3adculo querc3adas,es
703,Incoming,c2a1ya you have the artc3adculo querc3adas,es
705,Incoming,your opinic贸n is valuable 30 seconds is enough,es
718,Incoming,2 million customers know cc3b3mo overcome cuest January ciao,es
719,Incoming,avios pending iberiaplustore,es
722,Incoming,c2a1ya you have the artc3adculo querc3adas,es
728,Incoming,matrc3adcula discovers payment in parking garages aena,es
730,Incoming,windows-1252 a1chaoting2c miss out on your windows-1252 1080 reg alo,es
732,Incoming,delivery notice,es
734,Incoming,Thank you for shopping handle,es
735,Incoming,exclusive private salts,es
736,Incoming,price change on your favorite,es
738,Incoming,chaoting have 20 free minutes balance,es
745,Incoming,profile job offer bi / data science,es
751,Incoming,Welcome My endesa,es
754,Incoming,c2a1comenzamos c2a1hasta50 mango com,es
755,Incoming,c2a1gana one braun minipimer retire your old blender,es
760,Incoming,windows-1252 a120 friends & family in all * os windows-1252 product,es
761,Incoming,changes in our legal agreements,es
782,Incoming,INNODATA big data conference in Barcelona wednesday june 12,es
790,Incoming,remember3a we27ll payment processing l27occitane espac3b1a s2el2e purchase soon,es
799,Incoming,c2a1c39altimos dc38das to 70,es
802,Incoming,one of your favorites and published estc3a1,es
803,Incoming,one of your favorites and published estc3a1,es
806,Incoming,confirmacic贸n purchasing promofarma,es
807,Incoming,this ac3b1o get your propc3b3sitos,es
822,Incoming,delivery notice,es
824,Incoming,e express your package zooplus ag iso iso llegare1 in prf3ximas hours,es
840,Incoming,e express your package zooplus ag iso iso llegare1 in prf3ximas hours,es
853,Incoming,remember3a we27ll payment processing l27occitane espac3b1a s2el2e purchase soon,es
854,Incoming,discoverers of barcelona catalunya list vi dramatized the town situated c3adbero of ullastret,es
861,Incoming,one of your favorites and published estc3a1,es
868,Incoming,c2bfolvidaste your contrasec3b1a3f aquc3ad brings mos,es
869,Incoming,one of your favorites and published estc3a1,es
875,Incoming,a1feliz windows-1252 af1o again this is our desire windows-1252 par ti,es
883,Incoming,price change on your favorite,es
888,Incoming,Thank you for shopping at mangooutlet,es
889,Incoming,chaoting2c este1s windows-1252 INVITED very pr windows-1252 sale ivada l Occitane,es
900,Incoming,bfquieres windows-1252 try our new windows-1252 premiere of rostro3f ascarillas,es
901,Incoming,winter estc3a1 aquc3ad2e prepc3a1rate with assistant 2e,es
905,Incoming,anulacic3b3 masterclass dijous 20,es
931,Incoming,reference,es
932,Incoming,reference,es
934,Incoming,subidc贸n have accumulated meg,es
936,Incoming,a1tu windows-1252 neceser essential gift *,es
947,Incoming,daily summary of new ads,es
954,Incoming,one of your favorites have new photos,es
955,Incoming,ciao ting from endesa help you pay less,es
958,Incoming,property demand may be interested p ref 4129,es
964,Incoming,ciao ting already aquc3ad your chequeahorro,es
969,Incoming,confirmacif3n assistance iso potential langu age naturally iso procesing nlp in your BI environment,es
971,Incoming,windows1258 fwd new opportunity neo // new opportunity neo windows1258 report 96 hp store project analyst,es
973,Incoming,restore contrasec3b1a buf com,es
988,Incoming,ciao ah ting your natural eko ora is ecolc3b3gico c2a1gratis,es
995,Incoming,e Notino express your package is iso iso llegare1 in prf3ximas hours,es
1011,Incoming,share your opinic贸n Us,es
1026,Incoming,asegc3barate be in good hands ciao,es
1030,Incoming,Consumer Alert,es
1033,Incoming,order amount submitted August 90 eur IBERIA LAE operator sa sole proprietorship,es
1039,Incoming,brrr85 windows-1252 a1winter star coming your ball windows-1252 Christmas gift,es
1044,Incoming,c2a1sonrc3ade f09f9880 everything in otoc3b1o is UVIA frc3ado,es
1056,Incoming,iso documents required incorporacif3n Monday 13/05,es
1061,Incoming,inputs 1 e282ac for you,es
1062,Incoming,c2a1ya you have your chequeahorro with euro cumulated,es
1063,Incoming,daily summary of new ads,es
1065,Incoming,Welcome discounts open,es
1069,Incoming,remember3a we27ll payment processing l27occitane espac3b1a s2el2e purchase soon,es
1070,Incoming,accenture reminder visit,es
1071,Incoming,accenture reminder visit,es
1072,Incoming,subidc贸n have accumulated meg,es
1079,Incoming,discoverers barcelona catalunya list c2a1c3baltimas summer switzerland travel plazas,es
1080,Incoming,remember3a we27ll payment processing l27occitane espac3b1a s2el2e purchase soon,es
1081,Incoming,indeed welcome,es
1083,Incoming,opinif3n windows-1252 chaoting2c your account for us,es
1086,Incoming,e Notino express your package is iso iso llegare1 in prf3ximas hours,es
1091,Incoming,aquc3ad you have your discount nestlc389 golde280a6 c2a1p uro pleasure f09f8dabe,es
1097,Incoming,e express your package zooplus ag iso iso llegare1 in prf3ximas hours,es
1126,Incoming,ask your cv jobs fc3a1cilmente indeed,es
1127,Incoming,c2a1hola online sales up 50 shops,es
1134,Incoming,Intraship dhl shipment notification,es
1139,Incoming,oil application,es
1142,Incoming,oil application,es
1145,Incoming,oil application,es
1147,Incoming,oil application,es
1149,Incoming,oil application,es
1151,Incoming,oil application,es
1153,Incoming,oil application,es
1155,Incoming,oil application,es
1157,Incoming,nestlc3a9 kitchen r kitchen helps you with love in san valentc3adn f09f9298 f09f9889,es
1163,Incoming,avios pending iberiaplustore,es
1164,Incoming,confirmacic贸n high cc3b3digo promocic贸n,es
1166,Incoming,tickets for the event dataops barcelona 2019,es
1179,Incoming,summary of your order at home batllc3b3 [],es
1189,Incoming,c2bfac3ban enjoyed your chequeahorro3f,es
1196,Incoming,your shopping cart will estc3a1 espe Rando,es
1203,Incoming,iso cityparegistration confirmacif3n,es
1209,Incoming,ub data science graduate slack new account details,es
1210,Incoming,hello equipment seconds on the leader board,es
1211,Incoming,c2bfquc3a9 you ask the dc3adas c3baltimos of l ac3b1o chao3f,es
1217,Incoming,confirmacic贸n reserve flixbus,es
1220,Incoming,delivery notice,es
1224,Incoming,Reminder the potential of natural language procesing nlp your business intelligence environment,es
1225,Incoming,Thank you for using paypal percent,es
1227,Incoming,c2a1ya you have the artc3adculo querc3adas,es
1232,Incoming,e express your package zooplus ag iso iso llegare1 in prf3ximas hours,es
1234,Incoming,c2a1solo today April 29 you deduct VAT on your marks carrefour,es
1237,Incoming,confirmacic贸n reserve flixbus,es
1238,Incoming,ciao improve ayc3badanos,es
1242,Incoming,iso informacif3n on its envedo,es
1250,Incoming,Laboral life,es
1256,Incoming,email confirm join graduate science data ub,es
1258,Incoming,seur chang chaoting your sent DPD already has fec Delivery,es
1266,Incoming,encantarc3a1 you etam but antese280a6,es
1267,Incoming,iso payment of income devolucif3n,es
1277,Incoming,windows-1252 lotereda of l92occitane a1abre2c click windows-1252 gan q,es
1280,Incoming,windows-1252 a1enciende a glimmer of hope this Christmas,es
1283,Incoming,avios pending iberiaplustore,es
1288,Incoming,iso informacif3n on its envedo,es
1290,Incoming,40 engineer jobs / data center industry scientist tecnologic Catalonia Barcelona Province Barcelona,es
1301,Incoming,accenture visit,es
1302,Incoming,re3a account cancelacic贸n,es
1304,Incoming,c2a1obtc3a9n now your boarding pass,es
1307,Incoming,c2a1chocolate free f09f8dab one click ciao ting,es
1308,Incoming,confirmacic贸n reserve flixbus,es
1317,Incoming,one of your favorites have new photos,es
1318,Incoming,one of your favorites have new photos,es
1325,Incoming,price change on your favorite,es
1329,Incoming,one of your favorites and published estc3a1,es
1331,Incoming,we27re debiting payment purchase l27occitane espac3b1a s2el2e,es
1332,Incoming,c2bfnos aid mejorar3f,es
1354,Incoming,ntose280a6 new coupons discou c2a1entc3a9rate all f09f8e86,es
1356,Incoming,c2a1nuevo your bc3bas villa chalets is your personalized area,es
1364,Incoming,windows-1252 chaoting2c a1este1s INVITED the golden day windows-1252 l occitane,es
1372,Incoming,debiting payment france sas purchase Byredo,es
1381,Incoming,mortgage dictionary bc3a1sicos concepts must know habitaclia boletc3adn 294,es
1382,Incoming,bsm purchase 14 May 2019,es
1384,Incoming,invitacic3b3 acte 82f10 on Dades desenvolupament,es
1397,Incoming,ds @ ub Incio graduate course,es
1400,Incoming,daily summary of new ads,es
1401,Incoming,is a castac3b1a3f c2bftu mc3b3vil cc3a1mbialo,es
1433,Incoming,arrives today wrap Bee game,es
1436,Incoming,tracking nc3bamero,es
1442,Incoming,c2a1expedia welcomes you ac gives prices for members,es
1447,Incoming,ciao have pending signing documents,es
1449,Incoming,ciao discover insurance that fits your home,es
1454,Incoming,e express your package zooplus ag iso iso llegare1 in prf3ximas hours,es
1476,Incoming,consultation on Amazon customer delivery chang chaoting,es
1478,Incoming,consultation on Amazon customer delivery chang chaoting,es
1498,Incoming,remember3a we27ll payment processing perfumerc3adas regia s2ea2e purchase soon,es
1501,Incoming,c2a1sorteamos 30 family packs this otoc3b1o,es
1502,Incoming,informacic3b3 of servei,es
1507,Incoming,News & Updates liquor,es
1510,Incoming,tickets for the event PyDay barcelona 2018,es
1519,Incoming,c2a1ahc3b3rrate VAT 1 000 mc3a1s electrode mc3a9sticos products electrc贸nica,es
1522,Incoming,we27re debiting payment purchase l27occitane espac3b1a s2el2e,es
1523,Incoming,your post prepaid card ac3ban mc3a1s Segu ra,es
1524,Incoming,avios pending iberiaplustore,es
1527,Incoming,fwd ciao send you the receipt ting your insurance,es
1530,Incoming,new incidence conga excellence 990,es
1531,Incoming,your flight paris,es
1535,Incoming,Cajamar universityhack 2019,es
1537,Incoming,ciao have pending signing documents,es
1538,Incoming,f09f9bb5 raffle elc3a9ctricas motorcycle 100 cards 100e282ac f09f92b0,es
1543,Incoming,price change on your favorite,es
1545,Incoming,avios pending iberiaplustore,es
1546,Incoming,c2a1nuevo your bc3bas villa chalets is your personalized area,es
1555,Incoming,you deserve it,es
1558,Incoming,millc贸n of the simyos comes with gift;,es
1559,Incoming,c2a1solo today February 13 ahc3b3rrate the VAT limentacic贸n 10 in carrefour petrol stations,es
1560,Incoming,remember3a we27ll payment processing l27occitane espac3b1a s2el2e purchase soon,es
1561,Incoming,20 extra discounts discounts c2a1mc381s artc3adculos c381s,es
1589,Incoming,winners promocic贸n 22 wipp expre ss 360c2ba 22,es
1590,Incoming,enjoy your terrace with the best of our brand,es
1591,Incoming,c2a1descarga your cupc贸n now enjoy an extra 10 in your nearby store c2bfa quc3a9 mc3a1s esperas3f,es
1597,Incoming,perfumerc3ada benegas welcome / a chaoting chang,es
1605,Incoming,delivery notice,es
1607,Incoming,iso informacif3n on its envedo,es
1647,Incoming,tc tramitacic贸n incidence of recogida2e,es
1649,Incoming,new incidence conga excellence 990,es
1652,Incoming,c2a1tenemos new surprises for you,es
1655,Incoming,recepcic贸n confirmacic贸n of future emails century2 1 xarxa,es
1666,Incoming,verificacic贸n portal lidl email invoices,es
1667,Incoming,c2bfquieres win 200e282ac plans for your family ciao ting3f,es
1668,Incoming,Thank you for shopping at mangooutlet,es
1669,Incoming,one of your favorites have new photos,es
1672,Incoming,c2a1genial and forms part of kisses kiko,es
1675,Incoming,daily summary of new ads,es
1683,Incoming,tiendanimal discounts when paying with paypal,es
1687,Incoming,120e282ac advertising crc3a9dito for use in google ads to be user google analytics2e,es
1695,Incoming,subidc贸n have accumulated meg,es
1722,Incoming,iso payment of income devolucif3n,es
1723,Incoming,Check your paypal account activity,es
1727,Incoming,pyladies bcn list fwd f09f94b5 pro nou jecte violence data x x women,es
1728,Incoming,c2a1nuevo villa of your bc3ba SEARCHING chalets barberc3a0 of vallc3a8s,es
1730,Incoming,e express your package zooplus ag iso iso llegare1 in prf3ximas hours,es
1731,Incoming,e express your package zooplus ag iso iso llegare1 in prf3ximas hours,es
1734,Incoming,we27re debiting payment purchase perfumerc3adas regia s2ea2e,es
1740,Incoming,share your opinic贸n Us,es
1748,Incoming,reference reference,es
1754,Incoming,557 flats for sale demand,es
1761,Incoming,recurring payment canceled,es
1764,Incoming,dataops message for attendees barcelona 2019,es
1765,Incoming,tickets the potential of natural language procesing nlp your business intelligence environment,es
1766,Incoming,one of your favorites have new photos,es
1768,Incoming,delivery notice,es
1769,Incoming,share your opinic贸n Us,es
1781,Incoming,the daily price of light reaches a new annual mc3a1ximo habitaclia boletc3adn 293,es
1788,Incoming,if I received a response from advertiser,es
1790,Incoming,Improve your wellbeing,es
1813,Incoming,ahc3b3rrate vat in electrc贸nica electrodom c3a9sticos,es
1814,Incoming,INNODATA congress barcelona big data & analytics,es
1815,Incoming,e29c8b c2bfquieres quc389 we know cents proud of f f09f8c8e,es
1834,Incoming,mediaset record,es
1835,Incoming,different payment options to buy with paypal,es
1838,Incoming,We welcome you to verify your account salesforce,es
1843,Incoming,120e282ac advertising crc3a9dito for use in google adwords being user google analytics2e,es
1849,Incoming,function anomalies | CECOTEC,es
1850,Incoming,557 flats for sale demand,es
1867,Incoming,delivery notice,es
1869,Incoming,confirmacic贸n of recepcic贸n of future emails finques tur,es
1872,Incoming,Thank you for shopping at mangooutlet,es
1873,Incoming,property demand may be interested ref 4129,es
1876,Incoming,panty tickets future salc3b3 Friday march 22,es
1877,Incoming,Thank you for shopping at mangooutlet,es
1882,Incoming,iso informacif3n on its envedo,es
1889,Incoming,iso informacif3n on its envedo,es
1890,Incoming,iso informacif3n on its envedo,es
1892,Incoming,big data datascience graduate University of Barcelona,es
1903,Incoming,iso We need your opinif3n envedo,es
1910,Incoming,ariel 3in1 pods and mc3a1s results brillantes2e,es
1911,Incoming,557 demand lowers price,es
1931,Incoming,regulacic贸n general data proteccic贸n RGPD,es
1933,Incoming,ariel 3in1 pods and who repartee280a6,es
1936,Incoming,e express your package zooplus ag iso iso llegarc3a1 in prc3b3ximas hours,es
1940,Incoming,subidc贸n have accumulated meg,es
1941,Incoming,regulacic贸n general data proteccic贸n RGPD,es
1949,Incoming,iso a1rebajas only for 5 DEDAS,es
1950,Incoming,verify your identity in salesforce,es
1952,Incoming,iso informacif3n on its envedo,es
1955,Incoming,Thank you for shopping at mangooutlet,es
1956,Incoming,confirmacic贸n 26 acreditacic贸n,es
1957,Incoming,delivery notice,es
1964,Incoming,c2bfac3ban know the new elastic cement kintsuglue of loctite3f discount c2a1pruc3a9bala,es
1965,Incoming,3 months AQUASERVICE a coffee maker at no cost,es
1967,Incoming,a1vacaciones windows-1252 refrescantesa1 windows-1252 A1Y forget rebates,es
1970,Incoming,changes in our legal agreements,es
1972,Incoming,our visic贸n is the evolucic贸n,es
1976,Incoming,confirmacic贸n travel expedia 22 ept n c2ba itinerary,es
1992,Incoming,5e282ac discount sale perfumerc3adas lagunaf09f94b4,es
1993,Incoming,ayc3badanos protect your account,es
1998,Incoming,c2a1regalamos 50 masterchef school courses c2bfquieres one 3f,es
1999,Incoming,ciao we help with income declaracic贸n,es
2005,Incoming,price change on your favorite,es
2006,Incoming,exclusive offer global day of modernisme,es
2008,Incoming,Thank you for using google2e uses crc3a9dito 120e282ac of free advertising promotes its pc3a1gina web2e,es
2012,Incoming,confirmacic贸n of the rec sent2e attached o2e,es
2018,Incoming,chaoting look changes in ion tc3a9rminos condic,es
2022,Incoming,ciao powerful smartphone Samsung mc3a1s espe you ra,es
2029,Incoming,re3a certificate retentions and ingresc3b3 Comes Alive of irpf,es
2031,Incoming,re3a certificate retentions and ingresc3b3 Comes Alive of irpf,es
2034,Incoming,withholding certificate and ingresc3b3 account irpf,es
2066,Incoming,e express your package zooplus iso iso llegarc3a1 in prc3b3ximas hours,es
2068,Incoming,Thank you for shopping at mangooutlet,es
2071,Incoming,envc3adan 3000 packs of ariel 3in1 domicilio2c c2a1 pods Order yours now,es
2072,Incoming,groupon 25e282ac 3d A chance occ3a9ando,es
2073,Incoming,purchase confirmed c2a1gracias,es
2076,Incoming,e express your package mondial relay iso iso llegarc3a1 in prc3b3ximas hours,es
2077,Incoming,your inquiry,es
2091,Incoming,c2bfsabes cuc3a1nto can help bbva values view 3f,es
2092,Incoming,ariel 3in1 pods and starts the juego2e q,es
2093,Incoming,Thank you for shopping at mangooutlet,es
2098,Incoming,ciao saves expect jams with vc3ada card q,es
2102,Incoming,aceptacic贸n new GDPR,es
2111,Incoming,delivery notice,es
2115,Incoming,8 things todos2c sc3ad todos2c deberc3adamos often wash c3a1s,es
2116,Incoming,c2a1consigue a discount for pr Obar kitkat bit ciao ting,es
2123,Incoming,c2a1ya you have the artc3adculo querc3adas,es
2135,Incoming,iso Redyser informs you about the envedo,es
2140,Incoming,copy of your message CONTAINING nmueble ref idealistic in 7 barberc3a0 of vallc3a8s barberc3a0 of vallc3a8s Western vallc3a8s barcelona,es
2142,Incoming,e prepaid invites you to enjoy the priceless experience May,es
2144,Incoming,c2a1mamc3a1 thousands of gifts worth thousands of reasons,es
2149,Incoming,EPUB is,es
2150,Incoming,c2a1nuevo study your bc3basqueda v iviendas your custom zone,es
2151,Incoming,your summary of the month you have 159 points with a value of 1 14c2a0e282ac,es
2153,Incoming,c2a1prueba new hand Somat 5 voucher each dc3ada,es
2156,Incoming,your prepaid card and pay in google,es
2158,Incoming,c2a1esta have 10GB free Christmas,es
2161,Incoming,copy of your message about a property in idealistic ref v6661 barberc3a0 of vallc3a8s barberc3a0 of v allc3a8s vallc3a8s Western barcelona,es
2166,Incoming,plans with your colleagues,es
2167,Incoming,copy of your message about a property ref idealistic pre premic3a1 sea sea mic3a1 maresme barcelona,es
2169,Incoming,ayc3badanos protect your account,es
2171,Incoming,c2bftodavc3ada the visto3f,es
2175,Incoming,ariel 3in1 pods e te estc3a1s winning the tc3adtulo2e2e2e,es
2177,Incoming,Thank you for shopping at mangooutlet,es
2181,Incoming,insurance and travel cancelacic贸n activated estc3a1,es
2190,Incoming,Thank you for shopping at mangooutlet,es
2195,Incoming,e Notino express your package is iso iso llegarc3a1 in prc3b3ximas hours,es
2199,Incoming,c2bfen quc3a9 projects like participar3f,es
2200,Incoming,your inquiry,es
2203,Incoming,we27re debiting payment purchase l27occitane espac3b1a s2el2e,es
2210,Incoming,Thank you for your purchase in the online shop Deichmann,es
2211,Incoming,c2a1participa in our raffle gifts you win fantc3a1stic,es
2214,Incoming,pequec3b1os incredible savings rates,es
2221,Incoming,windows-1252 a1es the Deda our heroednas,es
2224,Incoming,avios pending iberiaplustore,es
2225,Incoming,price change on your favorite,es
2233,Incoming,copy of your message about a property ref idealistic v1345 ac llorer montcada Reix vallc3a8s Western barcelona,es
2234,Incoming,ariel 3in1 pods2e ding2c donge280a6,es
2260,Incoming,the return of an expected author Paul Auster,es
2278,Incoming,Welcome Fragonard com Store,es
2284,Incoming,Thank you for your email bcn1110 ref email Flat in El Camp de l'Arpa del Clot Barcelona,es
2292,Incoming,windows-1252 a1feliz cumpleaf1os cele9bralo 25 dto,es
2293,Incoming,c2a1participa in our raffle gifts you win fantc3a1stic,es
2298,Incoming,special descompte,es
2317,Incoming,if I received a response from advertiser,es
2332,Incoming,ciao information on its total coverage for spain reference 5xpwp779ins,es
2333,Incoming,confirmacic贸n of the rec sent2e attached o2e,es
2334,Incoming,get one of the 100 lots in your home club,es
2337,Incoming,chao new message about your property with your ref bcn1110 apartment in El Camp de l'Arpa del Clot Barcelona app,es
2339,Incoming,a1de windows-1252 regalo2c best of l92occitane,es
2340,Incoming,c2a1nuevo your bc3bas villa chalets is your personalized area,es
2341,Incoming,inform you that I entered cortesc3ada,es
2342,Incoming,Welcome place des tendances,es
2343,Incoming,iso thank you very much for sending us your opinif3n,es
2347,Incoming,chaoting arrives dc3ada the event of c2bfcc3b3mo summer azo you preparas3f,es
2348,Incoming,one of your favorites again be published,es
2350,Incoming,It gives a new life your sports equipment,es
2358,Incoming,c2a1nuevo your bc3bas villa chalets is your personalized area,es
2359,Incoming,c2bfte resistes3f 40 around,es
2363,Incoming,Your crec3adste c2bfverdad3f because it's true,es
2364,Incoming,c2a1obtc3a9n now your boarding pass,es
2367,Incoming,Thanks for participating in the survey,es
2373,Incoming,Check your paypal account activity,es
2374,Incoming,price change on your favorite,es
2376,Incoming,f09f94a5 begin the sale calentitas f09f94a5,es
2385,Incoming,c2a1nuevo c3a1tico your bc3basqueda vi viendas your custom zone,es
2396,Incoming,warning about the security of your account should take measures immediately,es
2410,Incoming,avios pending iberiaplustore,es
2415,Incoming,one of your favorites have new photos,es
2418,Incoming,one of your favorites have new photos,es
2422,Incoming,lidl reference Kundenservice,es
2424,Incoming,mega flipa c2a1acumula your spare c2a1a the beast,es
2440,Incoming,CIFO l hospitalet windows-1252 | programacif3 formacif3 courses cont windows-1252 inua 2018,es
2442,Incoming,February 2018 Calendar,es
2444,Incoming,we recommend a price to negotiate your favorite home,es
2450,Incoming,consultation on the delivery of customer orders chang Amazon chaoting,es
2452,Incoming,delivery notice,es
2455,Incoming,price change on your favorite,es
2460,Incoming,Quarta windows-1252 edicif3 portal modernisme,es
2462,Incoming,iso confirmacif3n of devolucif3n nba,es
2465,Incoming,c2bfpreparado for something delicioso3f,es
2473,Incoming,Thank you for shopping at mangooutlet,es
2474,Incoming,Thank you for shopping at mangooutlet,es
2478,Incoming,Happy Christmas Calendar December 2017,es
2493,Incoming,Merry Christmas this is for tie280a6,es
2495,Incoming,subidc贸n have accumulated meg,es
2504,Incoming,now available in prime video,es
2506,Incoming,free delivery electronics,es
2514,Incoming,c2a1obtc3a9n now your boarding pass,es
2516,Incoming,copy of the message sent to ad r,es
2518,Incoming,c2a1bienvenido moleskin,es
2519,Incoming,copy of your message about immunoenzymatic eble in idealistic ref mossc3a8n Street Jacint Verdaguer cornellc3a0 of l Lobregat baix llobregat sud barcelona,es
2534,Incoming,delivery notice,es
2535,Incoming,e29d84 free Christmas sent e29d84,es
2540,Incoming,c2a1ya you have your chequeahorro with euro cumulated,es
2547,Incoming,Thank you for shopping at mangooutlet,es
2548,Incoming,Thank you for shopping at mangooutlet,es
2549,Incoming,Thank you for shopping at mangooutlet,es
2550,Incoming,Thank you for registering in the online shop Deichmann,es
2552,Incoming,suscripcic贸n stock farmaconfianza,es
2555,Incoming,delivery notice,es
2564,Incoming,delivery notice,es
2570,Incoming,opinif3n windows-1252 chaoting2c your account for us,es
2571,Incoming,Thank you for shopping at mangooutlet,es
2578,Incoming,express mail your package zooPlusPoints ag c / o rhenus logistics or iso llegare1 in iso prf3ximas hours,es
2586,Incoming,Welcome Massimo Dutti,es
2588,Incoming,Thank you for your inquiry,es
2607,Incoming,We welcome you eat,es
2610,Incoming,c2a1gracias for signing the club perfume equip and n avisarc3a1 you soon,es
2618,Incoming,boarding passes e5fi8y bcnpmi January 28,es
2620,Incoming,boarding passes e5fi8y bcnpmi January 28,es
2627,Incoming,24 engineer jobs / data center industry scientist tecnologic Catalonia Barcelona Province Barcelona,es
2628,Incoming,chaoting cuc3a9ntanos quc3a9 think flying salt,es
2636,Incoming,September,es
2638,Incoming,Consumer Alert,es
2645,Incoming,information of interc3a9s new bond for the bridge,es
2646,Incoming,price change on your favorite,es
2654,Incoming,your package available point h et pack,es
2657,Incoming,your cc3b3digo of verificacic贸n Amazon,es
2658,Incoming,your cc3b3digo of verificacic贸n Amazon,es
2663,Incoming,We have received your request for collection in 2 hours,es
2665,Incoming,welcome Revolut,es
2667,Incoming,re3a reparacic贸n robot vacuum cleaner conga excellen ce 7c CECOTEC,es
2668,Incoming,groupon | eat | c2a1no expect mc3a1s to redeem your cupc贸n enter the draw,es
2670,Incoming,linked device,es
2673,Incoming,to 20e282ac we'll bring discount coupons for free,es
2675,Incoming,peticic贸n card fidelizacic贸n confirmed,es
2676,Incoming,confirmacic贸n of the rec sent2e attached o2e,es
2684,Incoming,Thank you for shopping at mangooutlet,es
2698,Incoming,c2bfquc3a9 think service siemens3f,es
2708,Incoming,iso express mail informacif3n,es
2725,Incoming,estimating heterotrophic respiration Mendeley large articles,es
2729,Incoming,Consumer Alert,es
2730,Incoming,ciao make money reviewing carrefour barberc381,es
2735,Incoming,movistar welcome nubica premium,es
2741,Incoming,one of your favorites again be published,es
2764,Incoming,Quick Tips for reading with Kobo,es
2768,Incoming,delivery notice,es
2771,Incoming,c2a1participa in our raffle gifts you win fantc3a1stic,es
2773,Incoming,renfe your ticket passbook format,es
2774,Incoming,renfe your ticket passbook format,es
2775,Incoming,renfe your ticket passbook format,es
2776,Incoming,renfe your ticket passbook format,es
2779,Incoming,avios pending iberiaplustore,es
2785,Incoming,carrefour see the glories save on your purchases prc3b3xima q,es
2788,Incoming,iso express mail informacif3n,es
2791,Incoming,webinar reminder,es
2794,Incoming,duplicate invoices,es
2798,Incoming,declaracic贸n c2bfhas already filed your 2018 income chao3f,es
2799,Incoming,chaoting c2a1suma mc3a1s points in November,es
2800,Incoming,improved invite a friend,es
2805,Incoming,esrvczl you reserve your chaoting traveling from Barcelona,es
2817,Incoming,and redeem the coupon groupon,es
2819,Incoming,one of your favorites have new photos,es
2821,Incoming,your Amazon account has been recharged is,es
2823,Incoming,cupc贸n for your discount,es
2825,Incoming,iso servei pfablic ocupacif3 catalunya iso validacif3n of direccif3n electrf3nica,es
2826,Incoming,iso servei pfablic ocupacif3 catalunya iso validacif3n of direccif3n electrf3nica,es
2844,Incoming,iso I envedo payslips,es
2845,Incoming,price change on your favorite,es
2851,Incoming,Thank you for shopping handle,es
2853,Incoming,Welcome my movistar,es
2854,Incoming,c2a1no forget you have a reservation in the restaurant Nectari,es
2855,Incoming,e29d97efb88f comes the fragrance that causes oh 10 direct scuento e29d97efb88f,es
2857,Incoming,prc3b3xima your stay in Central City Apartments,es
2874,Incoming,we open new online store for espac3b1a,es
2877,Incoming,iso a1felicidades and ar iso can use began ecooltra motosharing,es
2878,Incoming,c2a1nuevo your chalet bc3basqueda v iviendas your custom zone,es
2879,Incoming,price change on your favorite,es
2881,Incoming,boarding passes uyc3rp biobcn February 8,es
2886,Incoming,easyJet booking reference esrvczl,es
2887,Incoming,easyJet booking reference esrvczl,es
2888,Incoming,easyJet booking reference esrvczl,es
2902,Incoming,confirmacic贸n booking groupon,es
2903,Incoming,movistar is,es
2904,Incoming,our cars waiting for you,es
2905,Incoming,Play 2 e282ac you return them,es
2914,Incoming,f09f92a1para mamc3a1 give him a perfume much love f09f929d,es
2918,Incoming,c2a1nuevo floor of your bc3basqueda vi viendas your custom zone,es
2920,Incoming,Thanks for recommending chang chaoting,es
2921,Incoming,c2a1tu echeque fidelity has come decathlon,es
2922,Incoming,iso a1fante1stico your email has been confirmed,es
2928,Incoming,Thank you for your inquiry,es
2931,Incoming,giving away 200 gift cards 100e282ac f09f92b0 irectos,es
2932,Incoming,iso express mail informacif3n,es
2937,Incoming,y81rgp confirmation of reservation,es
2943,Incoming,c2a1ya estc3a1s congratulations on aliexpress po r confirm your email security direccic贸n,es
2956,Incoming,Welcome Fragonard com Store,es
2962,Incoming,a1ya windows-1252're one of us,es
2973,Incoming,Check your paypal account activity,es
2975,Incoming,verificacic贸n of direccic贸n of mail electrc贸nico,es
2983,Incoming,price change on your favorite,es
2984,Incoming,iso AIMC survey results 20aa na iso internet users on the network vegantes,es
2987,Incoming,iso signature documentacif3n,es
2990,Incoming,your reservation has been made dc3ada 08.01.2017,es
2991,Incoming,one of your favorites and published estc3a1,es
2994,Incoming,Today only September 25 to 25 discount on rental cars,es
2996,Incoming,esrvczl book chaoting Geneva Hotels with best price guarantee,es
3009,Incoming,iso informacif3n on its envedo,es
3035,Incoming,confirmacic贸n booking,es
3044,Incoming,purchase confirmed c2a1gracias,es
3045,Incoming,re3a position localizacic贸n software,es
3047,Incoming,re3a position localizacic贸n software,es
3048,Incoming,re3a position localizacic贸n software,es
3050,Incoming,re3a position localizacic贸n software,es
3057,Incoming,Enjoy the tranquility of being in good hands ciao,es
3063,Incoming,LocTeam new cycle transcription tw,es
3065,Incoming,LocTeam new cycle transcription tw,es
3071,Incoming,lecuine com c2a1bienvenido,es
3075,Incoming,verificacic贸n of direccic贸n of mail electrc贸nico,es
3083,Incoming,your account panda home,es
3085,Incoming,iso cancelacid3n of suscripcid3n id,es
3089,Incoming,civiclub discovers in a minute seriously,es
3100,Incoming,Step 3 / 43a c2bfcc3b3mo can get my bluecard3f,es
3102,Incoming,[3nutritionpro] preparacic贸n in process,es
3105,Incoming,your account cafc389s the magnc38dfico,es
3106,Incoming,c2bfconoces bbva the new values chao3f,es
3107,Incoming,[Leopard] sent,es
3109,Incoming,unicef low,es
3110,Incoming,unicef low,es
3111,Incoming,boletc3adn UNIQLO news | c2a1su cupc贸n discount 10e282ac le estc3a1 waiting,es
3137,Incoming,20 e282ac off is privalia,es
3138,Incoming,cupc贸n for your discount,es
3139,Incoming,Nectari booking confirmation,es
3140,Incoming,promo3a a 20-25 ahc3b3rrate price of your long DISTANCE booking now,es
3141,Incoming,bbva response to the study requested ciao,es
3145,Incoming,nc3bamero of confirmacic贸n hotel booking com Central City apartments oslo,es
3148,Incoming,Your discount 35 in Port Aventura Christmas tambic3a9n in ciao,es
3149,Incoming,your Amazon account has been recharged is,es
3150,Incoming,[work home in Barcelona] c2a1ed puzzle has a job opportunity for you,es
3155,Incoming,Daylight Saving holidays,es
3156,Incoming,customer atencic贸n,es
3157,Incoming,visit,es
3159,Incoming,new friday reserve 15 45 20 45,es
3169,Incoming,re3a 2d partial devolucic贸n,es
3171,Incoming,flats for sale,es
3176,Incoming,Reservations esrvczl chaoting choose your seat for the flight with destination Geneva,es
3178,Incoming,[work home in Barcelona] c2a1tecnilogic king ICN2 have employment opportunities for you,es
3191,Incoming,c2a1ya you have the artc3adculo querc3adas,es
3198,Incoming,your travel insurance cancelacic贸n activated estc3a1,es
3209,Incoming,confirm account,es
3222,Incoming,Thank you for shopping handle,es
3224,Incoming,you get 2 bottles of wine aprovc3a9chalo,es
3227,Incoming,lecuine current com preparacic贸n,es
3251,Incoming,my amosote my books besote,es
3253,Incoming,Singuerlin house Santa Coloma de Gramenet,es
3257,Incoming,Remember that your office bbva your account change,es
3261,Incoming,& vc3b6lkers Barcelona contact engel,es
3266,Incoming,just roaming in the EU,es
3270,Incoming,his office bbva your account change,es
3273,Incoming,promoting cf3digo windows-1252 0102 descontf3 windows-1252 spending Delivery,es
3278,Incoming,Pestle calendar January 2017,es
3336,Incoming,new package,es
3342,Incoming,information of interc3a9s new bond Easter,es
3343,Incoming,c2bfya you know the advantages of long-distance Bluemove 3f,es
3345,Incoming,iso-initiating activity sesif3n unusual account microsoft,es
3347,Incoming,windows-1252 rv Chinese translations me1quina,es
3348,Incoming,windows-1252 rv Chinese translations me1quina,es
3350,Incoming,iso rv Chinese translations me1quina,es
3357,Incoming,anc3admate try one of our cars,es
3358,Incoming,Connection data pepephone,es
3366,Incoming,iso account activacif3n,es
3368,Incoming,iso before signing reviews the documentacif3n iso of informacif3n pre insurance,es
3370,Incoming,iso b / nkawdvogrl account security microsoft,es
3375,Incoming,confirmacic贸n your reservation at Nectari,es
3376,Incoming,reservation canceled Friday 15 45 20 45,es
3384,Incoming,affair,es
3394,Incoming,[pepephone] change request contrasec3b1a,es
3396,Incoming,information of interc3a9s vo nue special Christmas bonus,es
3397,Incoming,civiclub activate your account,es
3401,Incoming,iso cancelacid3n of suscripcid3n,es
3411,Incoming,traduccif3n windows-1252 on page,es
3417,Incoming,Today markets exclusively for you bye,es
3446,Incoming,Enjoy the tranquility of being in good hands ciao,es
3461,Incoming,verificacic贸n of direccic贸n of mail electrc贸nico,es
3464,Incoming,confirmacic贸n of the rec sent2e attached o2e,es
3471,Incoming,iso 1 job assistant investigacif3n in Barcelona,es
3475,Incoming,iso 1 job assistant investigacif3n in Barcelona,es
3478,Incoming,ikea purchase list,es
3482,Incoming,Welcome juegosonce,es
3484,Incoming,thanks for acompac3b1arnos meetup neural networks marketing,es
3486,Incoming,successful transfer,es
3488,Incoming,already it has available all the benefits of your card,es
3489,Incoming,photo collection payment information is,es
3502,Incoming,resec3b1a hoover its ultra vortex mbc 5 00 has been published in Amazon,es
3507,Incoming,promocic贸n albal free pruc389balo,es
3511,Incoming,iso get triple with orange broker,es
3512,Incoming,iso informacif3n on its envedo,es
3517,Incoming,fwd PUE report lists prc381cticas assists pr ofesionales labor Foap 2015,es
3520,Incoming,iso recuperacif3n of contrasef1a,es
3526,Incoming,iso before viajar2c turn your cards,es
3533,Incoming,jobs work home in Barcelona c2a1inc IFAE research have employment opportunities for you,es
3537,Incoming,Pestle calendar October,es
3540,Incoming,iso before viajar2c turn your cards,es
3549,Incoming,your query amazon is a1a4i6sdjn2m4t,es
3562,Incoming,successful transfer,es
3567,Incoming,home jobs work in barcelona c2a1king rcelona ba com beverly hills editions have employment opportunities for you,es
3572,Incoming,daily summary of new ads,es
3588,Incoming,cupc贸n for your discount,es
3589,Incoming,cupc贸n for your discount,es
3590,Incoming,lecuine current com preparacic贸n,es
3600,Incoming,iso express mail informacif3n,es
3612,Incoming,iso mortgage orange from euribor 02c9925,es
3616,Incoming,confirmacic贸n of the rec sent2e attached o2e,es
3618,Incoming,ciao get a 10 discount on PANS,es
3623,Incoming,Thanks for recommending chaoting,es
3628,Incoming,home jobs work in barcelona bar Celona c2a1american global express business tr avel cfo institute photonic sciences have employment opportunities for you,es
3632,Incoming,c2a1bienvenido eBay,es
3634,Incoming,[Indeed] activate your job alert jobs work home in Barcelona,es
3636,Incoming,iso informacif3n on its envedo,es
3643,Incoming,ING Direct can now view their extract,es
3645,Incoming,iso ing plan direct3a friend a1vuelve 50 iso eur os q,es
3646,Incoming,c2a1nuevo floor of your bc3basqueda vi viendas your custom zone,es
3647,Incoming,being customer c2a1puedes take an air acondici Onado,es
3648,Incoming,iso twyp cash3a the new way to make money,es
3659,Incoming,ciao ting c2bfhas I achieved a new job in July f,es
3662,Incoming,virtual lottery betting voucher,es
3671,Incoming,catering salty sweet to 78,es
3675,Incoming,Welcome groupon,es
3688,Incoming,dr reservation Curiel residence raimon Penyafort,es
3691,Incoming,iso without comisif3n tambie9n in bankia bankinter iso from 90 euros,es
3700,Incoming,what encontrc3a921,es
3708,Incoming,iso apologize,es
3710,Incoming,vertificador Traditional Chinese linguestico,es
3712,Incoming,pepephone configure Internet,es
3746,Incoming,information of interc3a9s rates,es
3750,Incoming,iso informacif3n on its envedo,es
3754,Incoming,Welcome pepephone,es
3759,Incoming,[Menstrual cups] 02 sent,es
3783,Incoming,ciao ting confirms your account find your new job in infojobs,es
3784,Incoming,Thanks for recommending chaoting,es
3787,Incoming,pepephone pending contract signature,es
3804,Incoming,c2a1bienvenido Bluemove and conclude your registration process r eserve your coche2e,es
3813,Incoming,confirmacic贸n prue period of free unlimited ba Kindle,es
3818,Incoming,successful transfer,es
3823,Incoming,We welcome you borges community,es
3825,Incoming,bonallar new message finques montcada l,es
3827,Incoming,iso ing plan direct3a friend a1vuelve 50 iso eur os q,es
3829,Incoming,final touch points c2a1rebajas,es
3831,Incoming,infobims juni 2016 [library steam badia],es
3836,Incoming,iso informacif3n on its envedo,es
3841,Incoming,7 new work vacancies home in Barcelona,es
3845,Incoming,report supermarkets,es
3847,Incoming,Pestle calendar August,es
3849,Incoming,iso ing direct3a BFVA viajar3f change its currency iso us,es
3852,Incoming,cupc贸n for your discount,es
3868,Incoming,Thank you for shopping handle,es
3915,Incoming,February calendar Pestle,es
3918,Incoming,iso informacif3n on its envedo,es
3925,Incoming,daily summary of new ads,es
3931,Incoming,this is your second opinic贸n culecito c2a1gracia q,es
3932,Incoming,Pestle calendar June,es
3933,Incoming,please check your registration,es
3936,Incoming,iso AIMC survey results 18aa na iso internet users on the network vegantes,es
3938,Incoming,your original devolucic贸n tall hunters gloss,es
3963,Incoming,Nectari confirmacic贸n booking,es
3965,Incoming,photo collection deadline categories open project,es
3985,Incoming,peticif3n of certificacif3n iso iso pa ra person fedsica of fnmt,es
3990,Incoming,cafc3a9 milk azc3bacar sc3ad of fc3a1cil c2a1y free e,es
3991,Incoming,4 Simple Steps to improve your cv,es
3992,Incoming,ayc3badanos protect your account,es
3996,Incoming,delivery notice,es
3997,Incoming,confirmacic贸n of the rec sent2e attached o2e,es
3998,Incoming,a1participa windows-1252 premiere our new test windows-1252 range q,es
