,Label,Title,langs
12,Incoming,tomorrow join members 22 l of deep learning matemc3a1ticas,es
13,Incoming,one of your favorites have new photos,es
27,Incoming,Thank you for shopping handle,es
32,Incoming,shows this mail INNODATA doors open from 16 30,es
36,Incoming,Simplified Chinese,es
38,Incoming,delivery notice,es
49,Incoming,one of your favorites have new photos,es
51,Incoming,a1participa test windows-1252 premiere the new windows-1252 range makeup,es
55,Incoming,Progress photo collection is,es
56,Incoming,one of your favorites and published estc3a1,es
58,Incoming,one of your favorites have new photos,es
59,Incoming,re3a query from web2c sent,es
62,Incoming,re3a query from web2c sent,es
87,Incoming,e29da4efb88f the best gift for Mother dc3ada of e28fb1c39altimo dc3ada c2a110 discount perfume for her f09f8e81,es
89,Incoming,dataops 2019 Barcelona conference,es
91,Incoming,the smart application econtrolling the ideal digital acompac3b1ante,es
94,Incoming,Consumer Alert,es
105,Incoming,ciao claim ting chang,es
107,Incoming,fwd claim ciao ting chang,es
110,Incoming,free advice to help you invest ciao,es
116,Incoming,subidcón have accumulated meg,es
122,Incoming,subidcón have accumulated meg,es
141,Incoming,c2a1nuevo your bc3bas villa chalets is your personalized area,es
142,Incoming,delivery notice,es
151,Incoming,c2a1ya you have the artc3adculo querc3adas,es
153,Incoming,c2bfsabes cc3b3mo prepare a trip chao3f,es
157,Incoming,39 engineer jobs / data center industry scientist tecnologic Catalonia Barcelona Province Barcelona,es
170,Incoming,information about their privacy polc3adtica,es
171,Incoming,c2a1mac3b1ana June 11 we discount the VAT alimentacicón 10 on gas stations carrefour,es
172,Incoming,good news down the so-called European unicón,es
175,Incoming,fwd ciao send you the receipt ting your insurance,es
186,Incoming,c2a1nuevo semidetached house your bc3basqu eda chalets barberc3a0 of vallc3a8s,es
190,Incoming,windows-1252 a1un good for the good planeta85 windows-1252 p ara your skin gift,es
192,Incoming,fiscally saves your income declaracicón ciao,es
193,Incoming,ciao ting free c2a1consigue new ecolc3b3gico eko f09f8e89,es
198,Incoming,graduate survey,es
205,Incoming,Fragonard celebrates spring,es
209,Incoming,e express your package zooplus ag iso iso llegare1 in prf3ximas hours,es
217,Incoming,a1participa windows-1252 test windows-1252 premiere our new fragrance,es
221,Incoming,welcome hackerrank,es
237,Incoming,windows-1252 20 a1oh divine spring la85,es
239,Incoming,seur have received your proposal for amending,es
243,Incoming,iso fw your devolucif3n porcelain tamume cle1sica,es
245,Incoming,c2a1nuevo your bc3bas villa chalets is your personalized area,es
262,Incoming,you have to know a lease has bitaclia boletc3adn 318,es
263,Incoming,pyladies bcn list fwd [pyladiesbcn] [Codemotion Madrid] discounts communities Activities,es
267,Incoming,c2a1nuevo your bc3bas villa chalets is your personalized area,es
273,Incoming,New improvements in the app bbva ciao,es
285,Incoming,one of your favorites have new photos,es
287,Incoming,bbva invest you with free advice ciao,es
295,Incoming,c2a1nuevo your bc3bas villa chalets is your personalized area,es
296,Incoming,iso before signing checks the docume iso plan ntacif3n be sure bbva,es
299,Incoming,is never too late to continue fulfilling suec3b1os,es
309,Incoming,Congratulations chaoting open your gift,es
310,Incoming,alexis has sent you a Amazon gift card,es
312,Incoming,free advice for you bye,es
351,Incoming,confirmacicón reservation date time e28fb3,es
352,Incoming,one of your favorites have new photos,es
353,Incoming,one of your favorites have new photos,es
355,Incoming,ciao ting already aquc3ad your chequeahorro,es
356,Incoming,f09f8e81 continue giving nonstop f09f8e81,es
365,Incoming,discoverers of barcelona catalunya list smugglers route in cerdanya,es
367,Incoming,today masterclass,es
369,Incoming,pyladies bcn list fwd shehacks adidas,es
377,Incoming,leasing contract,es
379,Incoming,leasing contract,es
380,Incoming,leasing contract,es
382,Incoming,leasing contract,es
384,Incoming,fwd lease,es
388,Incoming,Thank you for shopping at mangooutlet,es
397,Incoming,c2a1nuevo your bc3bas villa chalets is your personalized area,es
401,Incoming,e29aa0 c2a1un 15 wide web only this weekend e29aa0,es
404,Incoming,one of your favorites have new photos,es
426,Incoming,Thank you for applying ciao ting grants jobandtalent ironhack,es
446,Incoming,Get your beauty gifts at san valentc3adn,es
457,Incoming,iso have informacif3n important in my iso buzf3n on your bills cards,es
460,Incoming,sonrede2c windows-1252 a1es your cumpleaf1os chaoting,es
461,Incoming,windows-1252 envcdo collection costs a1gratis,es
462,Incoming,subidcón have accumulated meg,es
463,Incoming,escc3a1pate with staff prc3a9stamo online bbva ciao,es
471,Incoming,a1te windows-1252 give you a world of hidratacif3n,es
474,Incoming,e express your package zooplus ag iso iso llegare1 in prf3ximas hours,es
475,Incoming,capstone2 keras script,es
476,Incoming,capstone2 keras script,es
477,Incoming,capstone2 keras script,es
480,Incoming,capstone2 keras script,es
482,Incoming,mid season sale now c2a1empieza,es
483,Incoming,chang2c a1hasta windows-1252 on February 28,es
490,Incoming,avios pending iberiaplustore,es
495,Incoming,Thank you for shopping handle,es
499,Incoming,workshop appointment request form submission,es
532,Incoming,c2a1douglas beauty award winners in categorc3ada best skin care q,es
540,Incoming,c2a1ya you have the artc3adculo querc3adas,es
543,Incoming,delivery notice,es
555,Incoming,rc3basticas houses to invest habitacl reform ia boletc3adn 319,es
556,Incoming,aguan out on both sides,es
559,Incoming,aguan out on both sides,es
561,Incoming,aguan out on both sides,es
563,Incoming,your summary of the month you have 159 points with a value of 1 14c2a0e282ac,es
564,Incoming,f09f92a5 c2a1dc3ada woman merecem we will all,es
569,Incoming,daily summary of new ads,es
571,Incoming,f09f92bb thanks for signing the newsletter datahack f09fa496,es
608,Incoming,subidcón have accumulated meg,es
613,Incoming,DHL delivery demand,es
614,Incoming,DHL delivery demand,es
615,Incoming,DHL delivery demand,es
616,Incoming,Thank you for shopping at mangooutlet,es
630,Incoming,iso documentacif3 posgrau,es
640,Incoming,we27re debiting payment purchase l27occitane espac3b1a s2el2e,es
650,Incoming,script with classification report gridsearchcv pipeline,es
653,Incoming,one of your favorites again be published,es
654,Incoming,TAPP your account water,es
656,Incoming,thank you very much mc3a1s,es
661,Incoming,this san windows-1252 valentedn2c we give you an escape windows-1252 romc1ntica,es
662,Incoming,f09f8e81 welcome club Perfume,es
663,Incoming,santander manager profitability staff select projects,es
666,Incoming,is valuable reminder your opinicón 30 seconds is sufficient,es
668,Incoming,application in response indeed alpha games neth G94 LQA 40 hrs headsup,es
671,Incoming,application in response indeed alpha games neth G94 LQA 40 hrs headsup,es
673,Incoming,application in response indeed alpha games neth G94 LQA 40 hrs headsup,es
675,Incoming,application in response indeed alpha games neth G94 LQA 40 hrs headsup,es
677,Incoming,application in response indeed alpha games neth G94 LQA 40 hrs headsup,es
682,Incoming,frame coding question tip 1,es
687,Incoming,fyi3a responsible job offer posicicón3a control box microsoft power bi,es
690,Incoming,INNODATA 132 members join tomorrow congress & big data analytics in Barcelona,es
691,Incoming,c2a1tenemos the complete series and Game of Thrones for you f09f9191,es
696,Incoming,c2a1ya you have the artc3adculo querc3adas,es
702,Incoming,c2a1ya you have the artc3adculo querc3adas,es
703,Incoming,c2a1ya you have the artc3adculo querc3adas,es
705,Incoming,your opinicón is valuable 30 seconds is enough,es
718,Incoming,2 million customers know cc3b3mo overcome cuest January ciao,es
719,Incoming,avios pending iberiaplustore,es
722,Incoming,c2a1ya you have the artc3adculo querc3adas,es
728,Incoming,matrc3adcula discovers payment in parking garages aena,es
730,Incoming,windows-1252 a1chaoting2c miss out on your windows-1252 1080 reg alo,es
732,Incoming,delivery notice,es
734,Incoming,Thank you for shopping handle,es
735,Incoming,exclusive private salts,es
736,Incoming,price change on your favorite,es
738,Incoming,chaoting have 20 free minutes balance,es
745,Incoming,profile job offer bi / data science,es
751,Incoming,Welcome My endesa,es
754,Incoming,c2a1comenzamos c2a1hasta50 mango com,es
755,Incoming,c2a1gana one braun minipimer retire your old blender,es
760,Incoming,windows-1252 a120 friends & family in all * os windows-1252 product,es
761,Incoming,changes in our legal agreements,es
782,Incoming,INNODATA big data conference in Barcelona wednesday june 12,es
790,Incoming,remember3a we27ll payment processing l27occitane espac3b1a s2el2e purchase soon,es
799,Incoming,c2a1c39altimos dc38das to 70,es
802,Incoming,one of your favorites and published estc3a1,es
803,Incoming,one of your favorites and published estc3a1,es
806,Incoming,confirmacicón purchasing promofarma,es
807,Incoming,this ac3b1o get your propc3b3sitos,es
822,Incoming,delivery notice,es
824,Incoming,e express your package zooplus ag iso iso llegare1 in prf3ximas hours,es
840,Incoming,e express your package zooplus ag iso iso llegare1 in prf3ximas hours,es
853,Incoming,remember3a we27ll payment processing l27occitane espac3b1a s2el2e purchase soon,es
854,Incoming,discoverers of barcelona catalunya list vi dramatized the town situated c3adbero of ullastret,es
861,Incoming,one of your favorites and published estc3a1,es
868,Incoming,c2bfolvidaste your contrasec3b1a3f aquc3ad brings mos,es
869,Incoming,one of your favorites and published estc3a1,es
875,Incoming,a1feliz windows-1252 af1o again this is our desire windows-1252 par ti,es
883,Incoming,price change on your favorite,es
888,Incoming,Thank you for shopping at mangooutlet,es
889,Incoming,chaoting2c este1s windows-1252 INVITED very pr windows-1252 sale ivada l Occitane,es
900,Incoming,bfquieres windows-1252 try our new windows-1252 premiere of rostro3f ascarillas,es
901,Incoming,winter estc3a1 aquc3ad2e prepc3a1rate with assistant 2e,es
905,Incoming,anulacic3b3 masterclass dijous 20,es
931,Incoming,reference,es
932,Incoming,reference,es
934,Incoming,subidcón have accumulated meg,es
936,Incoming,a1tu windows-1252 neceser essential gift *,es
947,Incoming,daily summary of new ads,es
954,Incoming,one of your favorites have new photos,es
955,Incoming,ciao ting from endesa help you pay less,es
958,Incoming,property demand may be interested p ref 4129,es
964,Incoming,ciao ting already aquc3ad your chequeahorro,es
969,Incoming,confirmacif3n assistance iso potential langu age naturally iso procesing nlp in your BI environment,es
971,Incoming,windows1258 fwd new opportunity neo // new opportunity neo windows1258 report 96 hp store project analyst,es
973,Incoming,restore contrasec3b1a buf com,es
988,Incoming,ciao ah ting your natural eko ora is ecolc3b3gico c2a1gratis,es
995,Incoming,e Notino express your package is iso iso llegare1 in prf3ximas hours,es
1011,Incoming,share your opinicón Us,es
1026,Incoming,asegc3barate be in good hands ciao,es
1030,Incoming,Consumer Alert,es
1033,Incoming,order amount submitted August 90 eur IBERIA LAE operator sa sole proprietorship,es
1039,Incoming,brrr85 windows-1252 a1winter star coming your ball windows-1252 Christmas gift,es
1044,Incoming,c2a1sonrc3ade f09f9880 everything in otoc3b1o is UVIA frc3ado,es
1056,Incoming,iso documents required incorporacif3n Monday 13/05,es
1061,Incoming,inputs 1 e282ac for you,es
1062,Incoming,c2a1ya you have your chequeahorro with euro cumulated,es
1063,Incoming,daily summary of new ads,es
1065,Incoming,Welcome discounts open,es
1069,Incoming,remember3a we27ll payment processing l27occitane espac3b1a s2el2e purchase soon,es
1070,Incoming,accenture reminder visit,es
1071,Incoming,accenture reminder visit,es
1072,Incoming,subidcón have accumulated meg,es
1079,Incoming,discoverers barcelona catalunya list c2a1c3baltimas summer switzerland travel plazas,es
1080,Incoming,remember3a we27ll payment processing l27occitane espac3b1a s2el2e purchase soon,es
1081,Incoming,indeed welcome,es
1083,Incoming,opinif3n windows-1252 chaoting2c your account for us,es
1086,Incoming,e Notino express your package is iso iso llegare1 in prf3ximas hours,es
1091,Incoming,aquc3ad you have your discount nestlc389 golde280a6 c2a1p uro pleasure f09f8dabe,es
1097,Incoming,e express your package zooplus ag iso iso llegare1 in prf3ximas hours,es
1126,Incoming,ask your cv jobs fc3a1cilmente indeed,es
1127,Incoming,c2a1hola online sales up 50 shops,es
1134,Incoming,Intraship dhl shipment notification,es
1139,Incoming,oil application,es
1142,Incoming,oil application,es
1145,Incoming,oil application,es
1147,Incoming,oil application,es
1149,Incoming,oil application,es
1151,Incoming,oil application,es
1153,Incoming,oil application,es
1155,Incoming,oil application,es
1157,Incoming,nestlc3a9 kitchen r kitchen helps you with love in san valentc3adn f09f9298 f09f9889,es
1163,Incoming,avios pending iberiaplustore,es
1164,Incoming,confirmacicón high cc3b3digo promocicón,es
1166,Incoming,tickets for the event dataops barcelona 2019,es
1179,Incoming,summary of your order at home batllc3b3 [],es
1189,Incoming,c2bfac3ban enjoyed your chequeahorro3f,es
1196,Incoming,your shopping cart will estc3a1 espe Rando,es
1203,Incoming,iso cityparegistration confirmacif3n,es
1209,Incoming,ub data science graduate slack new account details,es
1210,Incoming,hello equipment seconds on the leader board,es
1211,Incoming,c2bfquc3a9 you ask the dc3adas c3baltimos of l ac3b1o chao3f,es
1217,Incoming,confirmacicón reserve flixbus,es
1220,Incoming,delivery notice,es
1224,Incoming,Reminder the potential of natural language procesing nlp your business intelligence environment,es
1225,Incoming,Thank you for using paypal percent,es
1227,Incoming,c2a1ya you have the artc3adculo querc3adas,es
1232,Incoming,e express your package zooplus ag iso iso llegare1 in prf3ximas hours,es
1234,Incoming,c2a1solo today April 29 you deduct VAT on your marks carrefour,es
1237,Incoming,confirmacicón reserve flixbus,es
1238,Incoming,ciao improve ayc3badanos,es
1242,Incoming,iso informacif3n on its envedo,es
1250,Incoming,Laboral life,es
1256,Incoming,email confirm join graduate science data ub,es
1258,Incoming,seur chang chaoting your sent DPD already has fec Delivery,es
1266,Incoming,encantarc3a1 you etam but antese280a6,es
1267,Incoming,iso payment of income devolucif3n,es
1277,Incoming,windows-1252 lotereda of l92occitane a1abre2c click windows-1252 gan q,es
1280,Incoming,windows-1252 a1enciende a glimmer of hope this Christmas,es
1283,Incoming,avios pending iberiaplustore,es
1288,Incoming,iso informacif3n on its envedo,es
1290,Incoming,40 engineer jobs / data center industry scientist tecnologic Catalonia Barcelona Province Barcelona,es
1301,Incoming,accenture visit,es
1302,Incoming,re3a account cancelacicón,es
1304,Incoming,c2a1obtc3a9n now your boarding pass,es
1307,Incoming,c2a1chocolate free f09f8dab one click ciao ting,es
1308,Incoming,confirmacicón reserve flixbus,es
1317,Incoming,one of your favorites have new photos,es
1318,Incoming,one of your favorites have new photos,es
1325,Incoming,price change on your favorite,es
1329,Incoming,one of your favorites and published estc3a1,es
1331,Incoming,we27re debiting payment purchase l27occitane espac3b1a s2el2e,es
1332,Incoming,c2bfnos aid mejorar3f,es
1354,Incoming,ntose280a6 new coupons discou c2a1entc3a9rate all f09f8e86,es
1356,Incoming,c2a1nuevo your bc3bas villa chalets is your personalized area,es
1364,Incoming,windows-1252 chaoting2c a1este1s INVITED the golden day windows-1252 l occitane,es
1372,Incoming,debiting payment france sas purchase Byredo,es
1381,Incoming,mortgage dictionary bc3a1sicos concepts must know habitaclia boletc3adn 294,es
1382,Incoming,bsm purchase 14 May 2019,es
1384,Incoming,invitacic3b3 acte 82f10 on Dades desenvolupament,es
1397,Incoming,ds @ ub Incio graduate course,es
1400,Incoming,daily summary of new ads,es
1401,Incoming,is a castac3b1a3f c2bftu mc3b3vil cc3a1mbialo,es
1433,Incoming,arrives today wrap Bee game,es
1436,Incoming,tracking nc3bamero,es
1442,Incoming,c2a1expedia welcomes you ac gives prices for members,es
1447,Incoming,ciao have pending signing documents,es
1449,Incoming,ciao discover insurance that fits your home,es
1454,Incoming,e express your package zooplus ag iso iso llegare1 in prf3ximas hours,es
1476,Incoming,consultation on Amazon customer delivery chang chaoting,es
1478,Incoming,consultation on Amazon customer delivery chang chaoting,es
1498,Incoming,remember3a we27ll payment processing perfumerc3adas regia s2ea2e purchase soon,es
1501,Incoming,c2a1sorteamos 30 family packs this otoc3b1o,es
1502,Incoming,informacic3b3 of servei,es
1507,Incoming,News & Updates liquor,es
1510,Incoming,tickets for the event PyDay barcelona 2018,es
1519,Incoming,c2a1ahc3b3rrate VAT 1 000 mc3a1s electrode mc3a9sticos products electrcónica,es
1522,Incoming,we27re debiting payment purchase l27occitane espac3b1a s2el2e,es
1523,Incoming,your post prepaid card ac3ban mc3a1s Segu ra,es
1524,Incoming,avios pending iberiaplustore,es
1527,Incoming,fwd ciao send you the receipt ting your insurance,es
1530,Incoming,new incidence conga excellence 990,es
1531,Incoming,your flight paris,es
1535,Incoming,Cajamar universityhack 2019,es
1537,Incoming,ciao have pending signing documents,es
1538,Incoming,f09f9bb5 raffle elc3a9ctricas motorcycle 100 cards 100e282ac f09f92b0,es
1543,Incoming,price change on your favorite,es
1545,Incoming,avios pending iberiaplustore,es
1546,Incoming,c2a1nuevo your bc3bas villa chalets is your personalized area,es
1555,Incoming,you deserve it,es
1558,Incoming,millcón of the simyos comes with gift;,es
1559,Incoming,c2a1solo today February 13 ahc3b3rrate the VAT limentacicón 10 in carrefour petrol stations,es
1560,Incoming,remember3a we27ll payment processing l27occitane espac3b1a s2el2e purchase soon,es
1561,Incoming,20 extra discounts discounts c2a1mc381s artc3adculos c381s,es
1589,Incoming,winners promocicón 22 wipp expre ss 360c2ba 22,es
1590,Incoming,enjoy your terrace with the best of our brand,es
1591,Incoming,c2a1descarga your cupcón now enjoy an extra 10 in your nearby store c2bfa quc3a9 mc3a1s esperas3f,es
1597,Incoming,perfumerc3ada benegas welcome / a chaoting chang,es
1605,Incoming,delivery notice,es
1607,Incoming,iso informacif3n on its envedo,es
1647,Incoming,tc tramitacicón incidence of recogida2e,es
1649,Incoming,new incidence conga excellence 990,es
1652,Incoming,c2a1tenemos new surprises for you,es
1655,Incoming,recepcicón confirmacicón of future emails century2 1 xarxa,es
1666,Incoming,verificacicón portal lidl email invoices,es
1667,Incoming,c2bfquieres win 200e282ac plans for your family ciao ting3f,es
1668,Incoming,Thank you for shopping at mangooutlet,es
1669,Incoming,one of your favorites have new photos,es
1672,Incoming,c2a1genial and forms part of kisses kiko,es
1675,Incoming,daily summary of new ads,es
1683,Incoming,tiendanimal discounts when paying with paypal,es
1687,Incoming,120e282ac advertising crc3a9dito for use in google ads to be user google analytics2e,es
1695,Incoming,subidcón have accumulated meg,es
1722,Incoming,iso payment of income devolucif3n,es
1723,Incoming,Check your paypal account activity,es
1727,Incoming,pyladies bcn list fwd f09f94b5 pro nou jecte violence data x x women,es
1728,Incoming,c2a1nuevo villa of your bc3ba SEARCHING chalets barberc3a0 of vallc3a8s,es
1730,Incoming,e express your package zooplus ag iso iso llegare1 in prf3ximas hours,es
1731,Incoming,e express your package zooplus ag iso iso llegare1 in prf3ximas hours,es
1734,Incoming,we27re debiting payment purchase perfumerc3adas regia s2ea2e,es
1740,Incoming,share your opinicón Us,es
1748,Incoming,reference reference,es
1754,Incoming,557 flats for sale demand,es
1761,Incoming,recurring payment canceled,es
1764,Incoming,dataops message for attendees barcelona 2019,es
1765,Incoming,tickets the potential of natural language procesing nlp your business intelligence environment,es
1766,Incoming,one of your favorites have new photos,es
1768,Incoming,delivery notice,es
1769,Incoming,share your opinicón Us,es
1781,Incoming,the daily price of light reaches a new annual mc3a1ximo habitaclia boletc3adn 293,es
1788,Incoming,if I received a response from advertiser,es
1790,Incoming,Improve your wellbeing,es
1813,Incoming,ahc3b3rrate vat in electrcónica electrodom c3a9sticos,es
1814,Incoming,INNODATA congress barcelona big data & analytics,es
1815,Incoming,e29c8b c2bfquieres quc389 we know cents proud of f f09f8c8e,es
1834,Incoming,mediaset record,es
1835,Incoming,different payment options to buy with paypal,es
1838,Incoming,We welcome you to verify your account salesforce,es
1843,Incoming,120e282ac advertising crc3a9dito for use in google adwords being user google analytics2e,es
1849,Incoming,function anomalies | CECOTEC,es
1850,Incoming,557 flats for sale demand,es
1867,Incoming,delivery notice,es
1869,Incoming,confirmacicón of recepcicón of future emails finques tur,es
1872,Incoming,Thank you for shopping at mangooutlet,es
1873,Incoming,property demand may be interested ref 4129,es
1876,Incoming,panty tickets future salc3b3 Friday march 22,es
1877,Incoming,Thank you for shopping at mangooutlet,es
1882,Incoming,iso informacif3n on its envedo,es
1889,Incoming,iso informacif3n on its envedo,es
1890,Incoming,iso informacif3n on its envedo,es
1892,Incoming,big data datascience graduate University of Barcelona,es
1903,Incoming,iso We need your opinif3n envedo,es
1910,Incoming,ariel 3in1 pods and mc3a1s results brillantes2e,es
1911,Incoming,557 demand lowers price,es
1931,Incoming,regulacicón general data proteccicón RGPD,es
1933,Incoming,ariel 3in1 pods and who repartee280a6,es
1936,Incoming,e express your package zooplus ag iso iso llegarc3a1 in prc3b3ximas hours,es
1940,Incoming,subidcón have accumulated meg,es
1941,Incoming,regulacicón general data proteccicón RGPD,es
1949,Incoming,iso a1rebajas only for 5 DEDAS,es
1950,Incoming,verify your identity in salesforce,es
1952,Incoming,iso informacif3n on its envedo,es
1955,Incoming,Thank you for shopping at mangooutlet,es
1956,Incoming,confirmacicón 26 acreditacicón,es
1957,Incoming,delivery notice,es
1964,Incoming,c2bfac3ban know the new elastic cement kintsuglue of loctite3f discount c2a1pruc3a9bala,es
1965,Incoming,3 months AQUASERVICE a coffee maker at no cost,es
1967,Incoming,a1vacaciones windows-1252 refrescantesa1 windows-1252 A1Y forget rebates,es
1970,Incoming,changes in our legal agreements,es
1972,Incoming,our visicón is the evolucicón,es
1976,Incoming,confirmacicón travel expedia 22 ept n c2ba itinerary,es
1992,Incoming,5e282ac discount sale perfumerc3adas lagunaf09f94b4,es
1993,Incoming,ayc3badanos protect your account,es
1998,Incoming,c2a1regalamos 50 masterchef school courses c2bfquieres one 3f,es
1999,Incoming,ciao we help with income declaracicón,es
2005,Incoming,price change on your favorite,es
2006,Incoming,exclusive offer global day of modernisme,es
2008,Incoming,Thank you for using google2e uses crc3a9dito 120e282ac of free advertising promotes its pc3a1gina web2e,es
2012,Incoming,confirmacicón of the rec sent2e attached o2e,es
2018,Incoming,chaoting look changes in ion tc3a9rminos condic,es
2022,Incoming,ciao powerful smartphone Samsung mc3a1s espe you ra,es
2029,Incoming,re3a certificate retentions and ingresc3b3 Comes Alive of irpf,es
2031,Incoming,re3a certificate retentions and ingresc3b3 Comes Alive of irpf,es
2034,Incoming,withholding certificate and ingresc3b3 account irpf,es
2066,Incoming,e express your package zooplus iso iso llegarc3a1 in prc3b3ximas hours,es
2068,Incoming,Thank you for shopping at mangooutlet,es
2071,Incoming,envc3adan 3000 packs of ariel 3in1 domicilio2c c2a1 pods Order yours now,es
2072,Incoming,groupon 25e282ac 3d A chance occ3a9ando,es
2073,Incoming,purchase confirmed c2a1gracias,es
2076,Incoming,e express your package mondial relay iso iso llegarc3a1 in prc3b3ximas hours,es
2077,Incoming,your inquiry,es
2091,Incoming,c2bfsabes cuc3a1nto can help bbva values ​​view 3f,es
2092,Incoming,ariel 3in1 pods and starts the juego2e q,es
2093,Incoming,Thank you for shopping at mangooutlet,es
2098,Incoming,ciao saves expect jams with vc3ada card q,es
2102,Incoming,aceptacicón new GDPR,es
2111,Incoming,delivery notice,es
2115,Incoming,8 things todos2c sc3ad todos2c deberc3adamos often wash c3a1s,es
2116,Incoming,c2a1consigue a discount for pr Obar kitkat bit ciao ting,es
2123,Incoming,c2a1ya you have the artc3adculo querc3adas,es
2135,Incoming,iso Redyser informs you about the envedo,es
2140,Incoming,copy of your message CONTAINING nmueble ref idealistic in 7 barberc3a0 of vallc3a8s barberc3a0 of vallc3a8s Western vallc3a8s barcelona,es
2142,Incoming,e prepaid invites you to enjoy the priceless experience May,es
2144,Incoming,c2a1mamc3a1 thousands of gifts worth thousands of reasons,es
2149,Incoming,EPUB is,es
2150,Incoming,c2a1nuevo study your bc3basqueda v iviendas your custom zone,es
2151,Incoming,your summary of the month you have 159 points with a value of 1 14c2a0e282ac,es
2153,Incoming,c2a1prueba new hand Somat 5 voucher each dc3ada,es
2156,Incoming,your prepaid card and pay in google,es
2158,Incoming,c2a1esta have 10GB free Christmas,es
2161,Incoming,copy of your message about a property in idealistic ref v6661 barberc3a0 of vallc3a8s barberc3a0 of v allc3a8s vallc3a8s Western barcelona,es
2166,Incoming,plans with your colleagues,es
2167,Incoming,copy of your message about a property ref idealistic pre premic3a1 sea sea mic3a1 maresme barcelona,es
2169,Incoming,ayc3badanos protect your account,es
2171,Incoming,c2bftodavc3ada the visto3f,es
2175,Incoming,ariel 3in1 pods e te estc3a1s winning the tc3adtulo2e2e2e,es
2177,Incoming,Thank you for shopping at mangooutlet,es
2181,Incoming,insurance and travel cancelacicón activated estc3a1,es
2190,Incoming,Thank you for shopping at mangooutlet,es
2195,Incoming,e Notino express your package is iso iso llegarc3a1 in prc3b3ximas hours,es
2199,Incoming,c2bfen quc3a9 projects like participar3f,es
2200,Incoming,your inquiry,es
2203,Incoming,we27re debiting payment purchase l27occitane espac3b1a s2el2e,es
2210,Incoming,Thank you for your purchase in the online shop Deichmann,es
2211,Incoming,c2a1participa in our raffle gifts you win fantc3a1stic,es
2214,Incoming,pequec3b1os incredible savings rates,es
2221,Incoming,windows-1252 a1es the Deda our heroednas,es
2224,Incoming,avios pending iberiaplustore,es
2225,Incoming,price change on your favorite,es
2233,Incoming,copy of your message about a property ref idealistic v1345 ac llorer montcada Reix vallc3a8s Western barcelona,es
2234,Incoming,ariel 3in1 pods2e ding2c donge280a6,es
2260,Incoming,the return of an expected author Paul Auster,es
2278,Incoming,Welcome Fragonard com Store,es
2284,Incoming,Thank you for your email bcn1110 ref email Flat in El Camp de l'Arpa del Clot Barcelona,es
2292,Incoming,windows-1252 a1feliz cumpleaf1os cele9bralo 25 dto,es
2293,Incoming,c2a1participa in our raffle gifts you win fantc3a1stic,es
2298,Incoming,special descompte,es
2317,Incoming,if I received a response from advertiser,es
2332,Incoming,ciao information on its total coverage for spain reference 5xpwp779ins,es
2333,Incoming,confirmacicón of the rec sent2e attached o2e,es
2334,Incoming,get one of the 100 lots in your home club,es
2337,Incoming,chao new message about your property with your ref bcn1110 apartment in El Camp de l'Arpa del Clot Barcelona app,es
2339,Incoming,a1de windows-1252 regalo2c best of l92occitane,es
2340,Incoming,c2a1nuevo your bc3bas villa chalets is your personalized area,es
2341,Incoming,inform you that I entered cortesc3ada,es
2342,Incoming,Welcome place des tendances,es
2343,Incoming,iso thank you very much for sending us your opinif3n,es
2347,Incoming,chaoting arrives dc3ada the event of c2bfcc3b3mo summer azo you preparas3f,es
2348,Incoming,one of your favorites again be published,es
2350,Incoming,It gives a new life your sports equipment,es
2358,Incoming,c2a1nuevo your bc3bas villa chalets is your personalized area,es
2359,Incoming,c2bfte resistes3f 40 around,es
2363,Incoming,Your crec3adste c2bfverdad3f because it's true,es
2364,Incoming,c2a1obtc3a9n now your boarding pass,es
2367,Incoming,Thanks for participating in the survey,es
2373,Incoming,Check your paypal account activity,es
2374,Incoming,price change on your favorite,es
2376,Incoming,f09f94a5 begin the sale calentitas f09f94a5,es
2385,Incoming,c2a1nuevo c3a1tico your bc3basqueda vi viendas your custom zone,es
2396,Incoming,warning about the security of your account should take measures immediately,es
2410,Incoming,avios pending iberiaplustore,es
2415,Incoming,one of your favorites have new photos,es
2418,Incoming,one of your favorites have new photos,es
2422,Incoming,lidl reference Kundenservice,es
2424,Incoming,mega flipa c2a1acumula your spare c2a1a the beast,es
2440,Incoming,CIFO l hospitalet windows-1252 | programacif3 formacif3 courses cont windows-1252 inua 2018,es
2442,Incoming,February 2018 Calendar,es
2444,Incoming,we recommend a price to negotiate your favorite home,es
2450,Incoming,consultation on the delivery of customer orders chang Amazon chaoting,es
2452,Incoming,delivery notice,es
2455,Incoming,price change on your favorite,es
2460,Incoming,Quarta windows-1252 edicif3 portal modernisme,es
2462,Incoming,iso confirmacif3n of devolucif3n nba,es
2465,Incoming,c2bfpreparado for something delicioso3f,es
2473,Incoming,Thank you for shopping at mangooutlet,es
2474,Incoming,Thank you for shopping at mangooutlet,es
2478,Incoming,Happy Christmas Calendar December 2017,es
2493,Incoming,Merry Christmas this is for tie280a6,es
2495,Incoming,subidcón have accumulated meg,es
2504,Incoming,now available in prime video,es
2506,Incoming,free delivery electronics,es
2514,Incoming,c2a1obtc3a9n now your boarding pass,es
2516,Incoming,copy of the message sent to ad r,es
2518,Incoming,c2a1bienvenido moleskin,es
2519,Incoming,copy of your message about immunoenzymatic eble in idealistic ref mossc3a8n Street Jacint Verdaguer cornellc3a0 of l Lobregat baix llobregat sud barcelona,es
2534,Incoming,delivery notice,es
2535,Incoming,e29d84 free Christmas sent e29d84,es
2540,Incoming,c2a1ya you have your chequeahorro with euro cumulated,es
2547,Incoming,Thank you for shopping at mangooutlet,es
2548,Incoming,Thank you for shopping at mangooutlet,es
2549,Incoming,Thank you for shopping at mangooutlet,es
2550,Incoming,Thank you for registering in the online shop Deichmann,es
2552,Incoming,suscripcicón stock farmaconfianza,es
2555,Incoming,delivery notice,es
2564,Incoming,delivery notice,es
2570,Incoming,opinif3n windows-1252 chaoting2c your account for us,es
2571,Incoming,Thank you for shopping at mangooutlet,es
2578,Incoming,express mail your package zooPlusPoints ag c / o rhenus logistics or iso llegare1 in iso prf3ximas hours,es
2586,Incoming,Welcome Massimo Dutti,es
2588,Incoming,Thank you for your inquiry,es
2607,Incoming,We welcome you eat,es
2610,Incoming,c2a1gracias for signing the club perfume equip and n avisarc3a1 you soon,es
2618,Incoming,boarding passes e5fi8y bcnpmi January 28,es
2620,Incoming,boarding passes e5fi8y bcnpmi January 28,es
2627,Incoming,24 engineer jobs / data center industry scientist tecnologic Catalonia Barcelona Province Barcelona,es
2628,Incoming,chaoting cuc3a9ntanos quc3a9 think flying salt,es
2636,Incoming,September,es
2638,Incoming,Consumer Alert,es
2645,Incoming,information of interc3a9s new bond for the bridge,es
2646,Incoming,price change on your favorite,es
2654,Incoming,your package available point h et pack,es
2657,Incoming,your cc3b3digo of verificacicón Amazon,es
2658,Incoming,your cc3b3digo of verificacicón Amazon,es
2663,Incoming,We have received your request for collection in 2 hours,es
2665,Incoming,welcome Revolut,es
2667,Incoming,re3a reparacicón robot vacuum cleaner conga excellen ce 7c CECOTEC,es
2668,Incoming,groupon | eat | c2a1no expect mc3a1s to redeem your cupcón enter the draw,es
2670,Incoming,linked device,es
2673,Incoming,to 20e282ac we'll bring discount coupons for free,es
2675,Incoming,peticicón card fidelizacicón confirmed,es
2676,Incoming,confirmacicón of the rec sent2e attached o2e,es
2684,Incoming,Thank you for shopping at mangooutlet,es
2698,Incoming,c2bfquc3a9 think service siemens3f,es
2708,Incoming,iso express mail informacif3n,es
2725,Incoming,estimating heterotrophic respiration Mendeley large articles,es
2729,Incoming,Consumer Alert,es
2730,Incoming,ciao make money reviewing carrefour barberc381,es
2735,Incoming,movistar welcome nubica premium,es
2741,Incoming,one of your favorites again be published,es
2764,Incoming,Quick Tips for reading with Kobo,es
2768,Incoming,delivery notice,es
2771,Incoming,c2a1participa in our raffle gifts you win fantc3a1stic,es
2773,Incoming,renfe your ticket passbook format,es
2774,Incoming,renfe your ticket passbook format,es
2775,Incoming,renfe your ticket passbook format,es
2776,Incoming,renfe your ticket passbook format,es
2779,Incoming,avios pending iberiaplustore,es
2785,Incoming,carrefour see the glories save on your purchases prc3b3xima q,es
2788,Incoming,iso express mail informacif3n,es
2791,Incoming,webinar reminder,es
2794,Incoming,duplicate invoices,es
2798,Incoming,declaracicón c2bfhas already filed your 2018 income chao3f,es
2799,Incoming,chaoting c2a1suma mc3a1s points in November,es
2800,Incoming,improved invite a friend,es
2805,Incoming,esrvczl you reserve your chaoting traveling from Barcelona,es
2817,Incoming,and redeem the coupon groupon,es
2819,Incoming,one of your favorites have new photos,es
2821,Incoming,your Amazon account has been recharged is,es
2823,Incoming,cupcón for your discount,es
2825,Incoming,iso servei pfablic ocupacif3 catalunya iso validacif3n of direccif3n electrf3nica,es
2826,Incoming,iso servei pfablic ocupacif3 catalunya iso validacif3n of direccif3n electrf3nica,es
2844,Incoming,iso I envedo payslips,es
2845,Incoming,price change on your favorite,es
2851,Incoming,Thank you for shopping handle,es
2853,Incoming,Welcome my movistar,es
2854,Incoming,c2a1no forget you have a reservation in the restaurant Nectari,es
2855,Incoming,e29d97efb88f comes the fragrance that causes oh 10 direct scuento e29d97efb88f,es
2857,Incoming,prc3b3xima your stay in Central City Apartments,es
2874,Incoming,we open new online store for espac3b1a,es
2877,Incoming,iso a1felicidades and ar iso can use began ecooltra motosharing,es
2878,Incoming,c2a1nuevo your chalet bc3basqueda v iviendas your custom zone,es
2879,Incoming,price change on your favorite,es
2881,Incoming,boarding passes uyc3rp biobcn February 8,es
2886,Incoming,easyJet booking reference esrvczl,es
2887,Incoming,easyJet booking reference esrvczl,es
2888,Incoming,easyJet booking reference esrvczl,es
2902,Incoming,confirmacicón booking groupon,es
2903,Incoming,movistar is,es
2904,Incoming,our cars waiting for you,es
2905,Incoming,Play 2 e282ac you return them,es
2914,Incoming,f09f92a1para mamc3a1 give him a perfume much love f09f929d,es
2918,Incoming,c2a1nuevo floor of your bc3basqueda vi viendas your custom zone,es
2920,Incoming,Thanks for recommending chang chaoting,es
2921,Incoming,c2a1tu echeque fidelity has come decathlon,es
2922,Incoming,iso a1fante1stico your email has been confirmed,es
2928,Incoming,Thank you for your inquiry,es
2931,Incoming,giving away 200 gift cards 100e282ac f09f92b0 irectos,es
2932,Incoming,iso express mail informacif3n,es
2937,Incoming,y81rgp confirmation of reservation,es
2943,Incoming,c2a1ya estc3a1s congratulations on aliexpress po r confirm your email security direccicón,es
2956,Incoming,Welcome Fragonard com Store,es
2962,Incoming,a1ya windows-1252're one of us,es
2973,Incoming,Check your paypal account activity,es
2975,Incoming,verificacicón of direccicón of mail electrcónico,es
2983,Incoming,price change on your favorite,es
2984,Incoming,iso AIMC survey results 20aa na iso internet users on the network vegantes,es
2987,Incoming,iso signature documentacif3n,es
2990,Incoming,your reservation has been made dc3ada 08.01.2017,es
2991,Incoming,one of your favorites and published estc3a1,es
2994,Incoming,Today only September 25 to 25 discount on rental cars,es
2996,Incoming,esrvczl book chaoting Geneva Hotels with best price guarantee,es
3009,Incoming,iso informacif3n on its envedo,es
3035,Incoming,confirmacicón booking,es
3044,Incoming,purchase confirmed c2a1gracias,es
3045,Incoming,re3a position localizacicón software,es
3047,Incoming,re3a position localizacicón software,es
3048,Incoming,re3a position localizacicón software,es
3050,Incoming,re3a position localizacicón software,es
3057,Incoming,Enjoy the tranquility of being in good hands ciao,es
3063,Incoming,LocTeam new cycle transcription tw,es
3065,Incoming,LocTeam new cycle transcription tw,es
3071,Incoming,lecuine com c2a1bienvenido,es
3075,Incoming,verificacicón of direccicón of mail electrcónico,es
3083,Incoming,your account panda home,es
3085,Incoming,iso cancelacid3n of suscripcid3n id,es
3089,Incoming,civiclub discovers in a minute seriously,es
3100,Incoming,Step 3 / 43a c2bfcc3b3mo can get my bluecard3f,es
3102,Incoming,[3nutritionpro] preparacicón in process,es
3105,Incoming,your account cafc389s the magnc38dfico,es
3106,Incoming,c2bfconoces bbva the new values ​​chao3f,es
3107,Incoming,[Leopard] sent,es
3109,Incoming,unicef ​​low,es
3110,Incoming,unicef ​​low,es
3111,Incoming,boletc3adn UNIQLO news | c2a1su cupcón discount 10e282ac le estc3a1 waiting,es
3137,Incoming,20 e282ac off is privalia,es
3138,Incoming,cupcón for your discount,es
3139,Incoming,Nectari booking confirmation,es
3140,Incoming,promo3a a 20-25 ahc3b3rrate price of your long DISTANCE booking now,es
3141,Incoming,bbva response to the study requested ciao,es
3145,Incoming,nc3bamero of confirmacicón hotel booking com Central City apartments oslo,es
3148,Incoming,Your discount 35 in Port Aventura Christmas tambic3a9n in ciao,es
3149,Incoming,your Amazon account has been recharged is,es
3150,Incoming,[work home in Barcelona] c2a1ed puzzle has a job opportunity for you,es
3155,Incoming,Daylight Saving holidays,es
3156,Incoming,customer atencicón,es
3157,Incoming,visit,es
3159,Incoming,new friday reserve 15 45 20 45,es
3169,Incoming,re3a 2d partial devolucicón,es
3171,Incoming,flats for sale,es
3176,Incoming,Reservations esrvczl chaoting choose your seat for the flight with destination Geneva,es
3178,Incoming,[work home in Barcelona] c2a1tecnilogic king ICN2 have employment opportunities for you,es
3191,Incoming,c2a1ya you have the artc3adculo querc3adas,es
3198,Incoming,your travel insurance cancelacicón activated estc3a1,es
3209,Incoming,confirm account,es
3222,Incoming,Thank you for shopping handle,es
3224,Incoming,you get 2 bottles of wine aprovc3a9chalo,es
3227,Incoming,lecuine current com preparacicón,es
3251,Incoming,my amosote my books besote,es
3253,Incoming,Singuerlin house Santa Coloma de Gramenet,es
3257,Incoming,Remember that your office bbva your account change,es
3261,Incoming,& vc3b6lkers Barcelona contact engel,es
3266,Incoming,just roaming in the EU,es
3270,Incoming,his office bbva your account change,es
3273,Incoming,promoting cf3digo windows-1252 0102 descontf3 windows-1252 spending Delivery,es
3278,Incoming,Pestle calendar January 2017,es
3336,Incoming,new package,es
3342,Incoming,information of interc3a9s new bond Easter,es
3343,Incoming,c2bfya you know the advantages of long-distance Bluemove 3f,es
3345,Incoming,iso-initiating activity sesif3n unusual account microsoft,es
3347,Incoming,windows-1252 rv Chinese translations me1quina,es
3348,Incoming,windows-1252 rv Chinese translations me1quina,es
3350,Incoming,iso rv Chinese translations me1quina,es
3357,Incoming,anc3admate try one of our cars,es
3358,Incoming,Connection data pepephone,es
3366,Incoming,iso account activacif3n,es
3368,Incoming,iso before signing reviews the documentacif3n iso of informacif3n pre insurance,es
3370,Incoming,iso b / nkawdvogrl account security microsoft,es
3375,Incoming,confirmacicón your reservation at Nectari,es
3376,Incoming,reservation canceled Friday 15 45 20 45,es
3384,Incoming,affair,es
3394,Incoming,[pepephone] change request contrasec3b1a,es
3396,Incoming,information of interc3a9s vo nue special Christmas bonus,es
3397,Incoming,civiclub activate your account,es
3401,Incoming,iso cancelacid3n of suscripcid3n,es
3411,Incoming,traduccif3n windows-1252 on page,es
3417,Incoming,Today markets exclusively for you bye,es
3446,Incoming,Enjoy the tranquility of being in good hands ciao,es
3461,Incoming,verificacicón of direccicón of mail electrcónico,es
3464,Incoming,confirmacicón of the rec sent2e attached o2e,es
3471,Incoming,iso 1 job assistant investigacif3n in Barcelona,es
3475,Incoming,iso 1 job assistant investigacif3n in Barcelona,es
3478,Incoming,ikea purchase list,es
3482,Incoming,Welcome juegosonce,es
3484,Incoming,thanks for acompac3b1arnos meetup neural networks marketing,es
3486,Incoming,successful transfer,es
3488,Incoming,already it has available all the benefits of your card,es
3489,Incoming,photo collection payment information is,es
3502,Incoming,resec3b1a hoover its ultra vortex mbc 5 00 has been published in Amazon,es
3507,Incoming,promocicón albal free pruc389balo,es
3511,Incoming,iso get triple with orange broker,es
3512,Incoming,iso informacif3n on its envedo,es
3517,Incoming,fwd PUE report lists prc381cticas assists pr ofesionales labor Foap 2015,es
3520,Incoming,iso recuperacif3n of contrasef1a,es
3526,Incoming,iso before viajar2c turn your cards,es
3533,Incoming,jobs work home in Barcelona c2a1inc IFAE research have employment opportunities for you,es
3537,Incoming,Pestle calendar October,es
3540,Incoming,iso before viajar2c turn your cards,es
3549,Incoming,your query amazon is a1a4i6sdjn2m4t,es
3562,Incoming,successful transfer,es
3567,Incoming,home jobs work in barcelona c2a1king rcelona ba com beverly hills editions have employment opportunities for you,es
3572,Incoming,daily summary of new ads,es
3588,Incoming,cupcón for your discount,es
3589,Incoming,cupcón for your discount,es
3590,Incoming,lecuine current com preparacicón,es
3600,Incoming,iso express mail informacif3n,es
3612,Incoming,iso mortgage orange from euribor 02c9925,es
3616,Incoming,confirmacicón of the rec sent2e attached o2e,es
3618,Incoming,ciao get a 10 discount on PANS,es
3623,Incoming,Thanks for recommending chaoting,es
3628,Incoming,home jobs work in barcelona bar Celona c2a1american global express business tr avel cfo institute photonic sciences have employment opportunities for you,es
3632,Incoming,c2a1bienvenido eBay,es
3634,Incoming,[Indeed] activate your job alert jobs work home in Barcelona,es
3636,Incoming,iso informacif3n on its envedo,es
3643,Incoming,ING Direct can now view their extract,es
3645,Incoming,iso ing plan direct3a friend a1vuelve 50 iso eur os q,es
3646,Incoming,c2a1nuevo floor of your bc3basqueda vi viendas your custom zone,es
3647,Incoming,being customer c2a1puedes take an air acondici Onado,es
3648,Incoming,iso twyp cash3a the new way to make money,es
3659,Incoming,ciao ting c2bfhas I achieved a new job in July f,es
3662,Incoming,virtual lottery betting voucher,es
3671,Incoming,catering salty sweet to 78,es
3675,Incoming,Welcome groupon,es
3688,Incoming,dr reservation Curiel residence raimon Penyafort,es
3691,Incoming,iso without comisif3n tambie9n in bankia bankinter iso from 90 euros,es
3700,Incoming,what encontrc3a921,es
3708,Incoming,iso apologize,es
3710,Incoming,vertificador Traditional Chinese linguestico,es
3712,Incoming,pepephone configure Internet,es
3746,Incoming,information of interc3a9s rates,es
3750,Incoming,iso informacif3n on its envedo,es
3754,Incoming,Welcome pepephone,es
3759,Incoming,[Menstrual cups] 02 sent,es
3783,Incoming,ciao ting confirms your account find your new job in infojobs,es
3784,Incoming,Thanks for recommending chaoting,es
3787,Incoming,pepephone pending contract signature,es
3804,Incoming,c2a1bienvenido Bluemove and conclude your registration process r eserve your coche2e,es
3813,Incoming,confirmacicón prue period of free unlimited ba Kindle,es
3818,Incoming,successful transfer,es
3823,Incoming,We welcome you borges community,es
3825,Incoming,bonallar new message finques montcada l,es
3827,Incoming,iso ing plan direct3a friend a1vuelve 50 iso eur os q,es
3829,Incoming,final touch points c2a1rebajas,es
3831,Incoming,infobims juni 2016 [library steam badia],es
3836,Incoming,iso informacif3n on its envedo,es
3841,Incoming,7 new work vacancies home in Barcelona,es
3845,Incoming,report supermarkets,es
3847,Incoming,Pestle calendar August,es
3849,Incoming,iso ing direct3a BFVA viajar3f change its currency iso us,es
3852,Incoming,cupcón for your discount,es
3868,Incoming,Thank you for shopping handle,es
3915,Incoming,February calendar Pestle,es
3918,Incoming,iso informacif3n on its envedo,es
3925,Incoming,daily summary of new ads,es
3931,Incoming,this is your second opinicón culecito c2a1gracia q,es
3932,Incoming,Pestle calendar June,es
3933,Incoming,please check your registration,es
3936,Incoming,iso AIMC survey results 18aa na iso internet users on the network vegantes,es
3938,Incoming,your original devolucicón tall hunters gloss,es
3963,Incoming,Nectari confirmacicón booking,es
3965,Incoming,photo collection deadline categories open project,es
3985,Incoming,peticif3n of certificacif3n iso iso pa ra person fedsica of fnmt,es
3990,Incoming,cafc3a9 milk azc3bacar sc3ad of fc3a1cil c2a1y free e,es
3991,Incoming,4 Simple Steps to improve your cv,es
3992,Incoming,ayc3badanos protect your account,es
3996,Incoming,delivery notice,es
3997,Incoming,confirmacicón of the rec sent2e attached o2e,es
3998,Incoming,a1participa windows-1252 premiere our new test windows-1252 range q,es